Workbook

Sheet 月度计算
A1: 连续劳务报酬 12个月计算器（按上传规则）
A2: 用法：每月二选一输入（含税或实发），系统自动计算另一项；若中间月份无收入，下月自动重新按第1个月累计。
A4: 月份 | B4: 输入含税金额 | C4: 输入实发金额 | D4: 是否有收入 | E4: 连续月数 | F4: 累计已预扣个税(本月计算用) | G4: 含税金额(结果) | H4: 不含税金额 | I4: 增值税 | J4: 城建税 | K4: 教育附加税 | L4: 地方教育附加税 | M4: 当月收入(含税-增值税) | N4: 累计应纳所得额 | O4: 预扣率 | P4: 速算扣除数 | Q4: 本月个税 | R4: 税额合计 | S4: 实发金额(结果) | T4: 本连续段个税合计 | U4: 误差/提示 | V4: 备注 | W4: 当月附加合计 | X4: 本连续段累计含税 | Y4: 本连续段累计增值税 | Z4: 本连续段累计附加 | AA4: 本连续段累计收入 | AB4: 上月累计收入 | AC4: 上月累计附加
A5: 1 | B5: 51797.23 | D5: =IF(OR(B5<>"",C5<>""),1,0) | E5: =IF(D5=0,0,1) | F5: =IF(D5=0,"",0) | G5: =IF(D5=0,"",IF(B5<>"",B5,IFERROR(INDEX(反算辅助!$DC$2:$DC$13,ROW()-4),""))) | H5: =IF(ISNUMBER(G5),G5/(1+IF(G5<100000,0,1%)),"") | I5: =IF(ISNUMBER(G5),IF(H5<100000,0,H5*1%),"") | J5: =IF(ISNUMBER(G5),IF(H5<100000,0,I5*2.5%),"") | K5: =IF(ISNUMBER(G5),IF(H5<100000,0,I5*1.5%),"") | L5: =IF(ISNUMBER(G5),IF(H5<100000,0,I5*1%),"") | M5: =IF(ISNUMBER(G5),G5-I5,"") | N5: =IF(D5=0,"",AA5*80%-5000*E5-Z5) | O5: =IF(D5=0,"",IF(N5<=36000,3%,IF(N5<=144000,10%,IF(N5<=300000,20%,IF(N5<=420000,25%,IF(N5<=660000,30%,IF(N5<=960000,35%,45%))))))) | P5: =IF(D5=0,"",IF(N5<=36000,0,IF(N5<=144000,2520,IF(N5<=300000,16920,IF(N5<=420000,31920,IF(N5<=660000,52920,IF(N5<=960000,85920,181920))))))) | Q5: =IF(D5=0,"",MAX(0,N5*O5-P5-F5)) | R5: =IF(D5=0,"",I5+J5+K5+L5+Q5) | S5: =IF(D5=0,"",G5-R5) | T5: =IF(D5=0,"",F5+Q5) | U5: =IF(AND(C5<>"",B5=""),S5-C5,"") | V5: =IF(AND(D5=1,ISNUMBER(G5)=FALSE),"反算失败，请检查输入",IF(AND(B5<>"",C5<>""),"已按含税金额优先","")) | W5: =IF(ISNUMBER(G5),J5+K5+L5,"") | X5: =IF(D5=0,"",G5) | Y5: =IF(D5=0,"",I5) | Z5: =IF(D5=0,"",W5) | AA5: =IF(D5=0,"",X5-Y5) | AB5: =IF(D5=0,"",0) | AC5: =IF(D5=0,"",0)
A6: 2 | D6: =IF(OR(B6<>"",C6<>""),1,0) | E6: =IF(D6=0,0,IF(D5=0,1,E5+1)) | F6: =IF(D6=0,"",IF(D5=0,0,T5)) | G6: =IF(D6=0,"",IF(B6<>"",B6,IFERROR(INDEX(反算辅助!$DC$2:$DC$13,ROW()-4),""))) | H6: =IF(ISNUMBER(G6),G6/(1+IF(G6<100000,0,1%)),"") | I6: =IF(ISNUMBER(G6),IF(H6<100000,0,H6*1%),"") | J6: =IF(ISNUMBER(G6),IF(H6<100000,0,I6*2.5%),"") | K6: =IF(ISNUMBER(G6),IF(H6<100000,0,I6*1.5%),"") | L6: =IF(ISNUMBER(G6),IF(H6<100000,0,I6*1%),"") | M6: =IF(ISNUMBER(G6),G6-I6,"") | N6: =IF(D6=0,"",AA6*80%-5000*E6-Z6) | O6: =IF(D6=0,"",IF(N6<=36000,3%,IF(N6<=144000,10%,IF(N6<=300000,20%,IF(N6<=420000,25%,IF(N6<=660000,30%,IF(N6<=960000,35%,45%))))))) | P6: =IF(D6=0,"",IF(N6<=36000,0,IF(N6<=144000,2520,IF(N6<=300000,16920,IF(N6<=420000,31920,IF(N6<=660000,52920,IF(N6<=960000,85920,181920))))))) | Q6: =IF(D6=0,"",MAX(0,N6*O6-P6-F6)) | R6: =IF(D6=0,"",I6+J6+K6+L6+Q6) | S6: =IF(D6=0,"",G6-R6) | T6: =IF(D6=0,"",F6+Q6) | U6: =IF(AND(C6<>"",B6=""),S6-C6,"") | V6: =IF(AND(D6=1,ISNUMBER(G6)=FALSE),"反算失败，请检查输入",IF(AND(B6<>"",C6<>""),"已按含税金额优先","")) | W6: =IF(ISNUMBER(G6),J6+K6+L6,"") | X6: =IF(D6=0,"",IF(D5=0,G6,X5+G6)) | Y6: =IF(D6=0,"",IF(D5=0,I6,Y5+I6)) | Z6: =IF(D6=0,"",IF(D5=0,W6,Z5+W6)) | AA6: =IF(D6=0,"",X6-Y6) | AB6: =IF(D6=0,"",IF(D5=0,0,AA5)) | AC6: =IF(D6=0,"",IF(D5=0,0,Z5))
A7: 3 | D7: =IF(OR(B7<>"",C7<>""),1,0) | E7: =IF(D7=0,0,IF(D6=0,1,E6+1)) | F7: =IF(D7=0,"",IF(D6=0,0,T6)) | G7: =IF(D7=0,"",IF(B7<>"",B7,IFERROR(INDEX(反算辅助!$DC$2:$DC$13,ROW()-4),""))) | H7: =IF(ISNUMBER(G7),G7/(1+IF(G7<100000,0,1%)),"") | I7: =IF(ISNUMBER(G7),IF(H7<100000,0,H7*1%),"") | J7: =IF(ISNUMBER(G7),IF(H7<100000,0,I7*2.5%),"") | K7: =IF(ISNUMBER(G7),IF(H7<100000,0,I7*1.5%),"") | L7: =IF(ISNUMBER(G7),IF(H7<100000,0,I7*1%),"") | M7: =IF(ISNUMBER(G7),G7-I7,"") | N7: =IF(D7=0,"",AA7*80%-5000*E7-Z7) | O7: =IF(D7=0,"",IF(N7<=36000,3%,IF(N7<=144000,10%,IF(N7<=300000,20%,IF(N7<=420000,25%,IF(N7<=660000,30%,IF(N7<=960000,35%,45%))))))) | P7: =IF(D7=0,"",IF(N7<=36000,0,IF(N7<=144000,2520,IF(N7<=300000,16920,IF(N7<=420000,31920,IF(N7<=660000,52920,IF(N7<=960000,85920,181920))))))) | Q7: =IF(D7=0,"",MAX(0,N7*O7-P7-F7)) | R7: =IF(D7=0,"",I7+J7+K7+L7+Q7) | S7: =IF(D7=0,"",G7-R7) | T7: =IF(D7=0,"",F7+Q7) | U7: =IF(AND(C7<>"",B7=""),S7-C7,"") | V7: =IF(AND(D7=1,ISNUMBER(G7)=FALSE),"反算失败，请检查输入",IF(AND(B7<>"",C7<>""),"已按含税金额优先","")) | W7: =IF(ISNUMBER(G7),J7+K7+L7,"") | X7: =IF(D7=0,"",IF(D6=0,G7,X6+G7)) | Y7: =IF(D7=0,"",IF(D6=0,I7,Y6+I7)) | Z7: =IF(D7=0,"",IF(D6=0,W7,Z6+W7)) | AA7: =IF(D7=0,"",X7-Y7) | AB7: =IF(D7=0,"",IF(D6=0,0,AA6)) | AC7: =IF(D7=0,"",IF(D6=0,0,Z6))
A8: 4 | D8: =IF(OR(B8<>"",C8<>""),1,0) | E8: =IF(D8=0,0,IF(D7=0,1,E7+1)) | F8: =IF(D8=0,"",IF(D7=0,0,T7)) | G8: =IF(D8=0,"",IF(B8<>"",B8,IFERROR(INDEX(反算辅助!$DC$2:$DC$13,ROW()-4),""))) | H8: =IF(ISNUMBER(G8),G8/(1+IF(G8<100000,0,1%)),"") | I8: =IF(ISNUMBER(G8),IF(H8<100000,0,H8*1%),"") | J8: =IF(ISNUMBER(G8),IF(H8<100000,0,I8*2.5%),"") | K8: =IF(ISNUMBER(G8),IF(H8<100000,0,I8*1.5%),"") | L8: =IF(ISNUMBER(G8),IF(H8<100000,0,I8*1%),"") | M8: =IF(ISNUMBER(G8),G8-I8,"") | N8: =IF(D8=0,"",AA8*80%-5000*E8-Z8) | O8: =IF(D8=0,"",IF(N8<=36000,3%,IF(N8<=144000,10%,IF(N8<=300000,20%,IF(N8<=420000,25%,IF(N8<=660000,30%,IF(N8<=960000,35%,45%))))))) | P8: =IF(D8=0,"",IF(N8<=36000,0,IF(N8<=144000,2520,IF(N8<=300000,16920,IF(N8<=420000,31920,IF(N8<=660000,52920,IF(N8<=960000,85920,181920))))))) | Q8: =IF(D8=0,"",MAX(0,N8*O8-P8-F8)) | R8: =IF(D8=0,"",I8+J8+K8+L8+Q8) | S8: =IF(D8=0,"",G8-R8) | T8: =IF(D8=0,"",F8+Q8) | U8: =IF(AND(C8<>"",B8=""),S8-C8,"") | V8: =IF(AND(D8=1,ISNUMBER(G8)=FALSE),"反算失败，请检查输入",IF(AND(B8<>"",C8<>""),"已按含税金额优先","")) | W8: =IF(ISNUMBER(G8),J8+K8+L8,"") | X8: =IF(D8=0,"",IF(D7=0,G8,X7+G8)) | Y8: =IF(D8=0,"",IF(D7=0,I8,Y7+I8)) | Z8: =IF(D8=0,"",IF(D7=0,W8,Z7+W8)) | AA8: =IF(D8=0,"",X8-Y8) | AB8: =IF(D8=0,"",IF(D7=0,0,AA7)) | AC8: =IF(D8=0,"",IF(D7=0,0,Z7))
A9: 5 | D9: =IF(OR(B9<>"",C9<>""),1,0) | E9: =IF(D9=0,0,IF(D8=0,1,E8+1)) | F9: =IF(D9=0,"",IF(D8=0,0,T8)) | G9: =IF(D9=0,"",IF(B9<>"",B9,IFERROR(INDEX(反算辅助!$DC$2:$DC$13,ROW()-4),""))) | H9: =IF(ISNUMBER(G9),G9/(1+IF(G9<100000,0,1%)),"") | I9: =IF(ISNUMBER(G9),IF(H9<100000,0,H9*1%),"") | J9: =IF(ISNUMBER(G9),IF(H9<100000,0,I9*2.5%),"") | K9: =IF(ISNUMBER(G9),IF(H9<100000,0,I9*1.5%),"") | L9: =IF(ISNUMBER(G9),IF(H9<100000,0,I9*1%),"") | M9: =IF(ISNUMBER(G9),G9-I9,"") | N9: =IF(D9=0,"",AA9*80%-5000*E9-Z9) | O9: =IF(D9=0,"",IF(N9<=36000,3%,IF(N9<=144000,10%,IF(N9<=300000,20%,IF(N9<=420000,25%,IF(N9<=660000,30%,IF(N9<=960000,35%,45%))))))) | P9: =IF(D9=0,"",IF(N9<=36000,0,IF(N9<=144000,2520,IF(N9<=300000,16920,IF(N9<=420000,31920,IF(N9<=660000,52920,IF(N9<=960000,85920,181920))))))) | Q9: =IF(D9=0,"",MAX(0,N9*O9-P9-F9)) | R9: =IF(D9=0,"",I9+J9+K9+L9+Q9) | S9: =IF(D9=0,"",G9-R9) | T9: =IF(D9=0,"",F9+Q9) | U9: =IF(AND(C9<>"",B9=""),S9-C9,"") | V9: =IF(AND(D9=1,ISNUMBER(G9)=FALSE),"反算失败，请检查输入",IF(AND(B9<>"",C9<>""),"已按含税金额优先","")) | W9: =IF(ISNUMBER(G9),J9+K9+L9,"") | X9: =IF(D9=0,"",IF(D8=0,G9,X8+G9)) | Y9: =IF(D9=0,"",IF(D8=0,I9,Y8+I9)) | Z9: =IF(D9=0,"",IF(D8=0,W9,Z8+W9)) | AA9: =IF(D9=0,"",X9-Y9) | AB9: =IF(D9=0,"",IF(D8=0,0,AA8)) | AC9: =IF(D9=0,"",IF(D8=0,0,Z8))
A10: 6 | D10: =IF(OR(B10<>"",C10<>""),1,0) | E10: =IF(D10=0,0,IF(D9=0,1,E9+1)) | F10: =IF(D10=0,"",IF(D9=0,0,T9)) | G10: =IF(D10=0,"",IF(B10<>"",B10,IFERROR(INDEX(反算辅助!$DC$2:$DC$13,ROW()-4),""))) | H10: =IF(ISNUMBER(G10),G10/(1+IF(G10<100000,0,1%)),"") | I10: =IF(ISNUMBER(G10),IF(H10<100000,0,H10*1%),"") | J10: =IF(ISNUMBER(G10),IF(H10<100000,0,I10*2.5%),"") | K10: =IF(ISNUMBER(G10),IF(H10<100000,0,I10*1.5%),"") | L10: =IF(ISNUMBER(G10),IF(H10<100000,0,I10*1%),"") | M10: =IF(ISNUMBER(G10),G10-I10,"") | N10: =IF(D10=0,"",AA10*80%-5000*E10-Z10) | O10: =IF(D10=0,"",IF(N10<=36000,3%,IF(N10<=144000,10%,IF(N10<=300000,20%,IF(N10<=420000,25%,IF(N10<=660000,30%,IF(N10<=960000,35%,45%))))))) | P10: =IF(D10=0,"",IF(N10<=36000,0,IF(N10<=144000,2520,IF(N10<=300000,16920,IF(N10<=420000,31920,IF(N10<=660000,52920,IF(N10<=960000,85920,181920))))))) | Q10: =IF(D10=0,"",MAX(0,N10*O10-P10-F10)) | R10: =IF(D10=0,"",I10+J10+K10+L10+Q10) | S10: =IF(D10=0,"",G10-R10) | T10: =IF(D10=0,"",F10+Q10) | U10: =IF(AND(C10<>"",B10=""),S10-C10,"") | V10: =IF(AND(D10=1,ISNUMBER(G10)=FALSE),"反算失败，请检查输入",IF(AND(B10<>"",C10<>""),"已按含税金额优先","")) | W10: =IF(ISNUMBER(G10),J10+K10+L10,"") | X10: =IF(D10=0,"",IF(D9=0,G10,X9+G10)) | Y10: =IF(D10=0,"",IF(D9=0,I10,Y9+I10)) | Z10: =IF(D10=0,"",IF(D9=0,W10,Z9+W10)) | AA10: =IF(D10=0,"",X10-Y10) | AB10: =IF(D10=0,"",IF(D9=0,0,AA9)) | AC10: =IF(D10=0,"",IF(D9=0,0,Z9))
A11: 7 | D11: =IF(OR(B11<>"",C11<>""),1,0) | E11: =IF(D11=0,0,IF(D10=0,1,E10+1)) | F11: =IF(D11=0,"",IF(D10=0,0,T10)) | G11: =IF(D11=0,"",IF(B11<>"",B11,IFERROR(INDEX(反算辅助!$DC$2:$DC$13,ROW()-4),""))) | H11: =IF(ISNUMBER(G11),G11/(1+IF(G11<100000,0,1%)),"") | I11: =IF(ISNUMBER(G11),IF(H11<100000,0,H11*1%),"") | J11: =IF(ISNUMBER(G11),IF(H11<100000,0,I11*2.5%),"") | K11: =IF(ISNUMBER(G11),IF(H11<100000,0,I11*1.5%),"") | L11: =IF(ISNUMBER(G11),IF(H11<100000,0,I11*1%),"") | M11: =IF(ISNUMBER(G11),G11-I11,"") | N11: =IF(D11=0,"",AA11*80%-5000*E11-Z11) | O11: =IF(D11=0,"",IF(N11<=36000,3%,IF(N11<=144000,10%,IF(N11<=300000,20%,IF(N11<=420000,25%,IF(N11<=660000,30%,IF(N11<=960000,35%,45%))))))) | P11: =IF(D11=0,"",IF(N11<=36000,0,IF(N11<=144000,2520,IF(N11<=300000,16920,IF(N11<=420000,31920,IF(N11<=660000,52920,IF(N11<=960000,85920,181920))))))) | Q11: =IF(D11=0,"",MAX(0,N11*O11-P11-F11)) | R11: =IF(D11=0,"",I11+J11+K11+L11+Q11) | S11: =IF(D11=0,"",G11-R11) | T11: =IF(D11=0,"",F11+Q11) | U11: =IF(AND(C11<>"",B11=""),S11-C11,"") | V11: =IF(AND(D11=1,ISNUMBER(G11)=FALSE),"反算失败，请检查输入",IF(AND(B11<>"",C11<>""),"已按含税金额优先","")) | W11: =IF(ISNUMBER(G11),J11+K11+L11,"") | X11: =IF(D11=0,"",IF(D10=0,G11,X10+G11)) | Y11: =IF(D11=0,"",IF(D10=0,I11,Y10+I11)) | Z11: =IF(D11=0,"",IF(D10=0,W11,Z10+W11)) | AA11: =IF(D11=0,"",X11-Y11) | AB11: =IF(D11=0,"",IF(D10=0,0,AA10)) | AC11: =IF(D11=0,"",IF(D10=0,0,Z10))
A12: 8 | D12: =IF(OR(B12<>"",C12<>""),1,0) | E12: =IF(D12=0,0,IF(D11=0,1,E11+1)) | F12: =IF(D12=0,"",IF(D11=0,0,T11)) | G12: =IF(D12=0,"",IF(B12<>"",B12,IFERROR(INDEX(反算辅助!$DC$2:$DC$13,ROW()-4),""))) | H12: =IF(ISNUMBER(G12),G12/(1+IF(G12<100000,0,1%)),"") | I12: =IF(ISNUMBER(G12),IF(H12<100000,0,H12*1%),"") | J12: =IF(ISNUMBER(G12),IF(H12<100000,0,I12*2.5%),"") | K12: =IF(ISNUMBER(G12),IF(H12<100000,0,I12*1.5%),"") | L12: =IF(ISNUMBER(G12),IF(H12<100000,0,I12*1%),"") | M12: =IF(ISNUMBER(G12),G12-I12,"") | N12: =IF(D12=0,"",AA12*80%-5000*E12-Z12) | O12: =IF(D12=0,"",IF(N12<=36000,3%,IF(N12<=144000,10%,IF(N12<=300000,20%,IF(N12<=420000,25%,IF(N12<=660000,30%,IF(N12<=960000,35%,45%))))))) | P12: =IF(D12=0,"",IF(N12<=36000,0,IF(N12<=144000,2520,IF(N12<=300000,16920,IF(N12<=420000,31920,IF(N12<=660000,52920,IF(N12<=960000,85920,181920))))))) | Q12: =IF(D12=0,"",MAX(0,N12*O12-P12-F12)) | R12: =IF(D12=0,"",I12+J12+K12+L12+Q12) | S12: =IF(D12=0,"",G12-R12) | T12: =IF(D12=0,"",F12+Q12) | U12: =IF(AND(C12<>"",B12=""),S12-C12,"") | V12: =IF(AND(D12=1,ISNUMBER(G12)=FALSE),"反算失败，请检查输入",IF(AND(B12<>"",C12<>""),"已按含税金额优先","")) | W12: =IF(ISNUMBER(G12),J12+K12+L12,"") | X12: =IF(D12=0,"",IF(D11=0,G12,X11+G12)) | Y12: =IF(D12=0,"",IF(D11=0,I12,Y11+I12)) | Z12: =IF(D12=0,"",IF(D11=0,W12,Z11+W12)) | AA12: =IF(D12=0,"",X12-Y12) | AB12: =IF(D12=0,"",IF(D11=0,0,AA11)) | AC12: =IF(D12=0,"",IF(D11=0,0,Z11))
A13: 9 | D13: =IF(OR(B13<>"",C13<>""),1,0) | E13: =IF(D13=0,0,IF(D12=0,1,E12+1)) | F13: =IF(D13=0,"",IF(D12=0,0,T12)) | G13: =IF(D13=0,"",IF(B13<>"",B13,IFERROR(INDEX(反算辅助!$DC$2:$DC$13,ROW()-4),""))) | H13: =IF(ISNUMBER(G13),G13/(1+IF(G13<100000,0,1%)),"") | I13: =IF(ISNUMBER(G13),IF(H13<100000,0,H13*1%),"") | J13: =IF(ISNUMBER(G13),IF(H13<100000,0,I13*2.5%),"") | K13: =IF(ISNUMBER(G13),IF(H13<100000,0,I13*1.5%),"") | L13: =IF(ISNUMBER(G13),IF(H13<100000,0,I13*1%),"") | M13: =IF(ISNUMBER(G13),G13-I13,"") | N13: =IF(D13=0,"",AA13*80%-5000*E13-Z13) | O13: =IF(D13=0,"",IF(N13<=36000,3%,IF(N13<=144000,10%,IF(N13<=300000,20%,IF(N13<=420000,25%,IF(N13<=660000,30%,IF(N13<=960000,35%,45%))))))) | P13: =IF(D13=0,"",IF(N13<=36000,0,IF(N13<=144000,2520,IF(N13<=300000,16920,IF(N13<=420000,31920,IF(N13<=660000,52920,IF(N13<=960000,85920,181920))))))) | Q13: =IF(D13=0,"",MAX(0,N13*O13-P13-F13)) | R13: =IF(D13=0,"",I13+J13+K13+L13+Q13) | S13: =IF(D13=0,"",G13-R13) | T13: =IF(D13=0,"",F13+Q13) | U13: =IF(AND(C13<>"",B13=""),S13-C13,"") | V13: =IF(AND(D13=1,ISNUMBER(G13)=FALSE),"反算失败，请检查输入",IF(AND(B13<>"",C13<>""),"已按含税金额优先","")) | W13: =IF(ISNUMBER(G13),J13+K13+L13,"") | X13: =IF(D13=0,"",IF(D12=0,G13,X12+G13)) | Y13: =IF(D13=0,"",IF(D12=0,I13,Y12+I13)) | Z13: =IF(D13=0,"",IF(D12=0,W13,Z12+W13)) | AA13: =IF(D13=0,"",X13-Y13) | AB13: =IF(D13=0,"",IF(D12=0,0,AA12)) | AC13: =IF(D13=0,"",IF(D12=0,0,Z12))
A14: 10 | D14: =IF(OR(B14<>"",C14<>""),1,0) | E14: =IF(D14=0,0,IF(D13=0,1,E13+1)) | F14: =IF(D14=0,"",IF(D13=0,0,T13)) | G14: =IF(D14=0,"",IF(B14<>"",B14,IFERROR(INDEX(反算辅助!$DC$2:$DC$13,ROW()-4),""))) | H14: =IF(ISNUMBER(G14),G14/(1+IF(G14<100000,0,1%)),"") | I14: =IF(ISNUMBER(G14),IF(H14<100000,0,H14*1%),"") | J14: =IF(ISNUMBER(G14),IF(H14<100000,0,I14*2.5%),"") | K14: =IF(ISNUMBER(G14),IF(H14<100000,0,I14*1.5%),"") | L14: =IF(ISNUMBER(G14),IF(H14<100000,0,I14*1%),"") | M14: =IF(ISNUMBER(G14),G14-I14,"") | N14: =IF(D14=0,"",AA14*80%-5000*E14-Z14) | O14: =IF(D14=0,"",IF(N14<=36000,3%,IF(N14<=144000,10%,IF(N14<=300000,20%,IF(N14<=420000,25%,IF(N14<=660000,30%,IF(N14<=960000,35%,45%))))))) | P14: =IF(D14=0,"",IF(N14<=36000,0,IF(N14<=144000,2520,IF(N14<=300000,16920,IF(N14<=420000,31920,IF(N14<=660000,52920,IF(N14<=960000,85920,181920))))))) | Q14: =IF(D14=0,"",MAX(0,N14*O14-P14-F14)) | R14: =IF(D14=0,"",I14+J14+K14+L14+Q14) | S14: =IF(D14=0,"",G14-R14) | T14: =IF(D14=0,"",F14+Q14) | U14: =IF(AND(C14<>"",B14=""),S14-C14,"") | V14: =IF(AND(D14=1,ISNUMBER(G14)=FALSE),"反算失败，请检查输入",IF(AND(B14<>"",C14<>""),"已按含税金额优先","")) | W14: =IF(ISNUMBER(G14),J14+K14+L14,"") | X14: =IF(D14=0,"",IF(D13=0,G14,X13+G14)) | Y14: =IF(D14=0,"",IF(D13=0,I14,Y13+I14)) | Z14: =IF(D14=0,"",IF(D13=0,W14,Z13+W14)) | AA14: =IF(D14=0,"",X14-Y14) | AB14: =IF(D14=0,"",IF(D13=0,0,AA13)) | AC14: =IF(D14=0,"",IF(D13=0,0,Z13))
A15: 11 | D15: =IF(OR(B15<>"",C15<>""),1,0) | E15: =IF(D15=0,0,IF(D14=0,1,E14+1)) | F15: =IF(D15=0,"",IF(D14=0,0,T14)) | G15: =IF(D15=0,"",IF(B15<>"",B15,IFERROR(INDEX(反算辅助!$DC$2:$DC$13,ROW()-4),""))) | H15: =IF(ISNUMBER(G15),G15/(1+IF(G15<100000,0,1%)),"") | I15: =IF(ISNUMBER(G15),IF(H15<100000,0,H15*1%),"") | J15: =IF(ISNUMBER(G15),IF(H15<100000,0,I15*2.5%),"") | K15: =IF(ISNUMBER(G15),IF(H15<100000,0,I15*1.5%),"") | L15: =IF(ISNUMBER(G15),IF(H15<100000,0,I15*1%),"") | M15: =IF(ISNUMBER(G15),G15-I15,"") | N15: =IF(D15=0,"",AA15*80%-5000*E15-Z15) | O15: =IF(D15=0,"",IF(N15<=36000,3%,IF(N15<=144000,10%,IF(N15<=300000,20%,IF(N15<=420000,25%,IF(N15<=660000,30%,IF(N15<=960000,35%,45%))))))) | P15: =IF(D15=0,"",IF(N15<=36000,0,IF(N15<=144000,2520,IF(N15<=300000,16920,IF(N15<=420000,31920,IF(N15<=660000,52920,IF(N15<=960000,85920,181920))))))) | Q15: =IF(D15=0,"",MAX(0,N15*O15-P15-F15)) | R15: =IF(D15=0,"",I15+J15+K15+L15+Q15) | S15: =IF(D15=0,"",G15-R15) | T15: =IF(D15=0,"",F15+Q15) | U15: =IF(AND(C15<>"",B15=""),S15-C15,"") | V15: =IF(AND(D15=1,ISNUMBER(G15)=FALSE),"反算失败，请检查输入",IF(AND(B15<>"",C15<>""),"已按含税金额优先","")) | W15: =IF(ISNUMBER(G15),J15+K15+L15,"") | X15: =IF(D15=0,"",IF(D14=0,G15,X14+G15)) | Y15: =IF(D15=0,"",IF(D14=0,I15,Y14+I15)) | Z15: =IF(D15=0,"",IF(D14=0,W15,Z14+W15)) | AA15: =IF(D15=0,"",X15-Y15) | AB15: =IF(D15=0,"",IF(D14=0,0,AA14)) | AC15: =IF(D15=0,"",IF(D14=0,0,Z14))
A16: 12 | D16: =IF(OR(B16<>"",C16<>""),1,0) | E16: =IF(D16=0,0,IF(D15=0,1,E15+1)) | F16: =IF(D16=0,"",IF(D15=0,0,T15)) | G16: =IF(D16=0,"",IF(B16<>"",B16,IFERROR(INDEX(反算辅助!$DC$2:$DC$13,ROW()-4),""))) | H16: =IF(ISNUMBER(G16),G16/(1+IF(G16<100000,0,1%)),"") | I16: =IF(ISNUMBER(G16),IF(H16<100000,0,H16*1%),"") | J16: =IF(ISNUMBER(G16),IF(H16<100000,0,I16*2.5%),"") | K16: =IF(ISNUMBER(G16),IF(H16<100000,0,I16*1.5%),"") | L16: =IF(ISNUMBER(G16),IF(H16<100000,0,I16*1%),"") | M16: =IF(ISNUMBER(G16),G16-I16,"") | N16: =IF(D16=0,"",AA16*80%-5000*E16-Z16) | O16: =IF(D16=0,"",IF(N16<=36000,3%,IF(N16<=144000,10%,IF(N16<=300000,20%,IF(N16<=420000,25%,IF(N16<=660000,30%,IF(N16<=960000,35%,45%))))))) | P16: =IF(D16=0,"",IF(N16<=36000,0,IF(N16<=144000,2520,IF(N16<=300000,16920,IF(N16<=420000,31920,IF(N16<=660000,52920,IF(N16<=960000,85920,181920))))))) | Q16: =IF(D16=0,"",MAX(0,N16*O16-P16-F16)) | R16: =IF(D16=0,"",I16+J16+K16+L16+Q16) | S16: =IF(D16=0,"",G16-R16) | T16: =IF(D16=0,"",F16+Q16) | U16: =IF(AND(C16<>"",B16=""),S16-C16,"") | V16: =IF(AND(D16=1,ISNUMBER(G16)=FALSE),"反算失败，请检查输入",IF(AND(B16<>"",C16<>""),"已按含税金额优先","")) | W16: =IF(ISNUMBER(G16),J16+K16+L16,"") | X16: =IF(D16=0,"",IF(D15=0,G16,X15+G16)) | Y16: =IF(D16=0,"",IF(D15=0,I16,Y15+I16)) | Z16: =IF(D16=0,"",IF(D15=0,W16,Z15+W16)) | AA16: =IF(D16=0,"",X16-Y16) | AB16: =IF(D16=0,"",IF(D15=0,0,AA15)) | AC16: =IF(D16=0,"",IF(D15=0,0,Z15))

Sheet 反算辅助
A1: 月份 | B1: 目标实发 | C1: 是否有收入 | D1: 输入含税 | E1: 连续月数 | F1: 累计已预扣个税 | G1: 上月累计收入 | H1: 上月累计附加 | I1: K常数 | J1: 无增值税/PIT=0 | K1: 有增值税/PIT=0 | L1: 无增值税/3% | M1: 无增值税/10% | N1: 无增值税/20% | O1: 无增值税/25% | P1: 无增值税/30% | Q1: 无增值税/35% | R1: 无增值税/45% | S1: 有增值税/3% | T1: 有增值税/10% | U1: 有增值税/20% | V1: 有增值税/25% | W1: 有增值税/30% | X1: 有增值税/35% | Y1: 有增值税/45% | Z1: TC1 | AA1: TC2 | AB1: TC3 | AC1: TC4 | AD1: TC5 | AE1: TC6 | AF1: TC7 | AG1: TC8 | AH1: TC9 | AI1: TC10 | AJ1: TC11 | AK1: TC12 | AL1: TC13 | AM1: TC14 | AN1: TC15 | AO1: TC16 | AP1: PIT1 | AQ1: PIT2 | AR1: PIT3 | AS1: PIT4 | AT1: PIT5 | AU1: PIT6 | AV1: PIT7 | AW1: PIT8 | AX1: PIT9 | AY1: PIT10 | AZ1: PIT11 | BA1: PIT12 | BB1: PIT13 | BC1: PIT14 | BD1: PIT15 | BE1: PIT16 | BF1: NET1 | BG1: NET2 | BH1: NET3 | BI1: NET4 | BJ1: NET5 | BK1: NET6 | BL1: NET7 | BM1: NET8 | BN1: NET9 | BO1: NET10 | BP1: NET11 | BQ1: NET12 | BR1: NET13 | BS1: NET14 | BT1: NET15 | BU1: NET16 | BV1: ERR1 | BW1: ERR2 | BX1: ERR3 | BY1: ERR4 | BZ1: ERR5 | CA1: ERR6 | CB1: ERR7 | CC1: ERR8 | CD1: ERR9 | CE1: ERR10 | CF1: ERR11 | CG1: ERR12 | CH1: ERR13 | CI1: ERR14 | CJ1: ERR15 | CK1: ERR16 | CL1: VALID1 | CM1: VALID2 | CN1: VALID3 | CO1: VALID4 | CP1: VALID5 | CQ1: VALID6 | CR1: VALID7 | CS1: VALID8 | CT1: VALID9 | CU1: VALID10 | CV1: VALID11 | CW1: VALID12 | CX1: VALID13 | CY1: VALID14 | CZ1: VALID15 | DA1: VALID16 | DB1: 命中序号 | DC1: 反算含税 | DD1: 回算实发
A2: 1 | B2: ='月度计算'!C5 | C2: ='月度计算'!D5 | D2: ='月度计算'!B5 | E2: ='月度计算'!E5 | F2: ='月度计算'!F5 | G2: ='月度计算'!AB5 | H2: ='月度计算'!AC5 | I2: =IF(C2=0,"",G2*80%-5000*E2-H2) | J2: =IF(OR($C2=0,$B2="",$D2<>""),"",$B2/(1-(0))) | K2: =IF(OR($C2=0,$B2="",$D2<>""),"",$B2/(1-(21/2020))) | L2: =IF(OR($C2=0,$B2="",$D2<>""),"",($B2-0-$F2+$I2*0.03)/(1-(0)-(0.8)*0.03)) | M2: =IF(OR($C2=0,$B2="",$D2<>""),"",($B2-2520-$F2+$I2*0.1)/(1-(0)-(0.8)*0.1)) | N2: =IF(OR($C2=0,$B2="",$D2<>""),"",($B2-16920-$F2+$I2*0.2)/(1-(0)-(0.8)*0.2)) | O2: =IF(OR($C2=0,$B2="",$D2<>""),"",($B2-31920-$F2+$I2*0.25)/(1-(0)-(0.8)*0.25)) | P2: =IF(OR($C2=0,$B2="",$D2<>""),"",($B2-52920-$F2+$I2*0.3)/(1-(0)-(0.8)*0.3)) | Q2: =IF(OR($C2=0,$B2="",$D2<>""),"",($B2-85920-$F2+$I2*0.35)/(1-(0)-(0.8)*0.35)) | R2: =IF(OR($C2=0,$B2="",$D2<>""),"",($B2-181920-$F2+$I2*0.45)/(1-(0)-(0.8)*0.45)) | S2: =IF(OR($C2=0,$B2="",$D2<>""),"",($B2-0-$F2+$I2*0.03)/(1-(21/2020)-(1599/2020)*0.03)) | T2: =IF(OR($C2=0,$B2="",$D2<>""),"",($B2-2520-$F2+$I2*0.1)/(1-(21/2020)-(1599/2020)*0.1)) | U2: =IF(OR($C2=0,$B2="",$D2<>""),"",($B2-16920-$F2+$I2*0.2)/(1-(21/2020)-(1599/2020)*0.2)) | V2: =IF(OR($C2=0,$B2="",$D2<>""),"",($B2-31920-$F2+$I2*0.25)/(1-(21/2020)-(1599/2020)*0.25)) | W2: =IF(OR($C2=0,$B2="",$D2<>""),"",($B2-52920-$F2+$I2*0.3)/(1-(21/2020)-(1599/2020)*0.3)) | X2: =IF(OR($C2=0,$B2="",$D2<>""),"",($B2-85920-$F2+$I2*0.35)/(1-(21/2020)-(1599/2020)*0.35)) | Y2: =IF(OR($C2=0,$B2="",$D2<>""),"",($B2-181920-$F2+$I2*0.45)/(1-(21/2020)-(1599/2020)*0.45)) | Z2: =IF(J2="","",($G2+J2-(IF(J2/(1+IF(J2<100000,0,1%))<100000,0,J2/(1+IF(J2<100000,0,1%))*1%)))*80%-5000*$E2-($H2+(IF(J2/(1+IF(J2<100000,0,1%))<100000,0,J2/(1+IF(J2<100000,0,1%))*1%*5%)))) | AA2: =IF(K2="","",($G2+K2-(IF(K2/(1+IF(K2<100000,0,1%))<100000,0,K2/(1+IF(K2<100000,0,1%))*1%)))*80%-5000*$E2-($H2+(IF(K2/(1+IF(K2<100000,0,1%))<100000,0,K2/(1+IF(K2<100000,0,1%))*1%*5%)))) | AB2: =IF(L2="","",($G2+L2-(IF(L2/(1+IF(L2<100000,0,1%))<100000,0,L2/(1+IF(L2<100000,0,1%))*1%)))*80%-5000*$E2-($H2+(IF(L2/(1+IF(L2<100000,0,1%))<100000,0,L2/(1+IF(L2<100000,0,1%))*1%*5%)))) | AC2: =IF(M2="","",($G2+M2-(IF(M2/(1+IF(M2<100000,0,1%))<100000,0,M2/(1+IF(M2<100000,0,1%))*1%)))*80%-5000*$E2-($H2+(IF(M2/(1+IF(M2<100000,0,1%))<100000,0,M2/(1+IF(M2<100000,0,1%))*1%*5%)))) | AD2: =IF(N2="","",($G2+N2-(IF(N2/(1+IF(N2<100000,0,1%))<100000,0,N2/(1+IF(N2<100000,0,1%))*1%)))*80%-5000*$E2-($H2+(IF(N2/(1+IF(N2<100000,0,1%))<100000,0,N2/(1+IF(N2<100000,0,1%))*1%*5%)))) | AE2: =IF(O2="","",($G2+O2-(IF(O2/(1+IF(O2<100000,0,1%))<100000,0,O2/(1+IF(O2<100000,0,1%))*1%)))*80%-5000*$E2-($H2+(IF(O2/(1+IF(O2<100000,0,1%))<100000,0,O2/(1+IF(O2<100000,0,1%))*1%*5%)))) | AF2: =IF(P2="","",($G2+P2-(IF(P2/(1+IF(P2<100000,0,1%))<100000,0,P2/(1+IF(P2<100000,0,1%))*1%)))*80%-5000*$E2-($H2+(IF(P2/(1+IF(P2<100000,0,1%))<100000,0,P2/(1+IF(P2<100000,0,1%))*1%*5%)))) | AG2: =IF(Q2="","",($G2+Q2-(IF(Q2/(1+IF(Q2<100000,0,1%))<100000,0,Q2/(1+IF(Q2<100000,0,1%))*1%)))*80%-5000*$E2-($H2+(IF(Q2/(1+IF(Q2<100000,0,1%))<100000,0,Q2/(1+IF(Q2<100000,0,1%))*1%*5%)))) | ... AO2: =IF(Y2="","",($G2+Y2-(IF(Y2/(1+IF(Y2<100000,0,1%))<100000,0,Y2/(1+IF(Y2<100000,0,1%))*1%)))*80%-5000*$E2-($H2+(IF(Y2/(1+IF(Y2<100000,0,1%))<100000,0,Y2/(1+IF(Y2<100000,0,1%))*1%*5%)))) | AP2: =IF(Z2="","",MAX(0,Z2*IF(Z2<=36000,3%,IF(Z2<=144000,10%,IF(Z2<=300000,20%,IF(Z2<=420000,25%,IF(Z2<=660000,30%,IF(Z2<=960000,35%,45%))))))-IF(Z2<=36000,0,IF(Z2<=144000,2520,IF(Z2<=300000,16920,IF(Z2<=420000,31920,IF(Z2<=660000,52920,IF(Z2<=960000,85920,181920))))))-$F2)) | AQ2: =IF(AA2="","",MAX(0,AA2*IF(AA2<=36000,3%,IF(AA2<=144000,10%,IF(AA2<=300000,20%,IF(AA2<=420000,25%,IF(AA2<=660000,30%,IF(AA2<=960000,35%,45%))))))-IF(AA2<=36000,0,IF(AA2<=144000,2520,IF(AA2<=300000,16920,IF(AA2<=420000,31920,IF(AA2<=660000,52920,IF(AA2<=960000,85920,181920))))))-$F2)) | AR2: =IF(AB2="","",MAX(0,AB2*IF(AB2<=36000,3%,IF(AB2<=144000,10%,IF(AB2<=300000,20%,IF(AB2<=420000,25%,IF(AB2<=660000,30%,IF(AB2<=960000,35%,45%))))))-IF(AB2<=36000,0,IF(AB2<=144000,2520,IF(AB2<=300000,16920,IF(AB2<=420000,31920,IF(AB2<=660000,52920,IF(AB2<=960000,85920,181920))))))-$F2)) | AS2: =IF(AC2="","",MAX(0,AC2*IF(AC2<=36000,3%,IF(AC2<=144000,10%,IF(AC2<=300000,20%,IF(AC2<=420000,25%,IF(AC2<=660000,30%,IF(AC2<=960000,35%,45%))))))-IF(AC2<=36000,0,IF(AC2<=144000,2520,IF(AC2<=300000,16920,IF(AC2<=420000,31920,IF(AC2<=660000,52920,IF(AC2<=960000,85920,181920))))))-$F2)) | AT2: =IF(AD2="","",MAX(0,AD2*IF(AD2<=36000,3%,IF(AD2<=144000,10%,IF(AD2<=300000,20%,IF(AD2<=420000,25%,IF(AD2<=660000,30%,IF(AD2<=960000,35%,45%))))))-IF(AD2<=36000,0,IF(AD2<=144000,2520,IF(AD2<=300000,16920,IF(AD2<=420000,31920,IF(AD2<=660000,52920,IF(AD2<=960000,85920,181920))))))-$F2)) | AU2: =IF(AE2="","",MAX(0,AE2*IF(AE2<=36000,3%,IF(AE2<=144000,10%,IF(AE2<=300000,20%,IF(AE2<=420000,25%,IF(AE2<=660000,30%,IF(AE2<=960000,35%,45%))))))-IF(AE2<=36000,0,IF(AE2<=144000,2520,IF(AE2<=300000,16920,IF(AE2<=420000,31920,IF(AE2<=660000,52920,IF(AE2<=960000,85920,181920))))))-$F2)) | AV2: =IF(AF2="","",MAX(0,AF2*IF(AF2<=36000,3%,IF(AF2<=144000,10%,IF(AF2<=300000,20%,IF(AF2<=420000,25%,IF(AF2<=660000,30%,IF(AF2<=960000,35%,45%))))))-IF(AF2<=36000,0,IF(AF2<=144000,2520,IF(AF2<=300000,16920,IF(AF2<=420000,31920,IF(AF2<=660000,52920,IF(AF2<=960000,85920,181920))))))-$F2)) | AW2: =IF(AG2="","",MAX(0,AG2*IF(AG2<=36000,3%,IF(AG2<=144000,10%,IF(AG2<=300000,20%,IF(AG2<=420000,25%,IF(AG2<=660000,30%,IF(AG2<=960000,35%,45%))))))-IF(AG2<=36000,0,IF(AG2<=144000,2520,IF(AG2<=300000,16920,IF(AG2<=420000,31920,IF(AG2<=660000,52920,IF(AG2<=960000,85920,181920))))))-$F2)) | ... BE2: =IF(AO2="","",MAX(0,AO2*IF(AO2<=36000,3%,IF(AO2<=144000,10%,IF(AO2<=300000,20%,IF(AO2<=420000,25%,IF(AO2<=660000,30%,IF(AO2<=960000,35%,45%))))))-IF(AO2<=36000,0,IF(AO2<=144000,2520,IF(AO2<=300000,16920,IF(AO2<=420000,31920,IF(AO2<=660000,52920,IF(AO2<=960000,85920,181920))))))-$F2)) | BF2: =IF(J2="","",J2-(IF(J2/(1+IF(J2<100000,0,1%))<100000,0,J2/(1+IF(J2<100000,0,1%))*1%))-(IF(J2/(1+IF(J2<100000,0,1%))<100000,0,J2/(1+IF(J2<100000,0,1%))*1%*5%))-AP2) | BG2: =IF(K2="","",K2-(IF(K2/(1+IF(K2<100000,0,1%))<100000,0,K2/(1+IF(K2<100000,0,1%))*1%))-(IF(K2/(1+IF(K2<100000,0,1%))<100000,0,K2/(1+IF(K2<100000,0,1%))*1%*5%))-AQ2) | BH2: =IF(L2="","",L2-(IF(L2/(1+IF(L2<100000,0,1%))<100000,0,L2/(1+IF(L2<100000,0,1%))*1%))-(IF(L2/(1+IF(L2<100000,0,1%))<100000,0,L2/(1+IF(L2<100000,0,1%))*1%*5%))-AR2) | BI2: =IF(M2="","",M2-(IF(M2/(1+IF(M2<100000,0,1%))<100000,0,M2/(1+IF(M2<100000,0,1%))*1%))-(IF(M2/(1+IF(M2<100000,0,1%))<100000,0,M2/(1+IF(M2<100000,0,1%))*1%*5%))-AS2) | BJ2: =IF(N2="","",N2-(IF(N2/(1+IF(N2<100000,0,1%))<100000,0,N2/(1+IF(N2<100000,0,1%))*1%))-(IF(N2/(1+IF(N2<100000,0,1%))<100000,0,N2/(1+IF(N2<100000,0,1%))*1%*5%))-AT2) | BK2: =IF(O2="","",O2-(IF(O2/(1+IF(O2<100000,0,1%))<100000,0,O2/(1+IF(O2<100000,0,1%))*1%))-(IF(O2/(1+IF(O2<100000,0,1%))<100000,0,O2/(1+IF(O2<100000,0,1%))*1%*5%))-AU2) | BL2: =IF(P2="","",P2-(IF(P2/(1+IF(P2<100000,0,1%))<100000,0,P2/(1+IF(P2<100000,0,1%))*1%))-(IF(P2/(1+IF(P2<100000,0,1%))<100000,0,P2/(1+IF(P2<100000,0,1%))*1%*5%))-AV2) | BM2: =IF(Q2="","",Q2-(IF(Q2/(1+IF(Q2<100000,0,1%))<100000,0,Q2/(1+IF(Q2<100000,0,1%))*1%))-(IF(Q2/(1+IF(Q2<100000,0,1%))<100000,0,Q2/(1+IF(Q2<100000,0,1%))*1%*5%))-AW2) | ... BU2: =IF(Y2="","",Y2-(IF(Y2/(1+IF(Y2<100000,0,1%))<100000,0,Y2/(1+IF(Y2<100000,0,1%))*1%))-(IF(Y2/(1+IF(Y2<100000,0,1%))<100000,0,Y2/(1+IF(Y2<100000,0,1%))*1%*5%))-BE2) | BV2: =IF(BF2="","",ABS(BF2-$B2)) | BW2: =IF(BG2="","",ABS(BG2-$B2)) | BX2: =IF(BH2="","",ABS(BH2-$B2)) | BY2: =IF(BI2="","",ABS(BI2-$B2)) | BZ2: =IF(BJ2="","",ABS(BJ2-$B2)) | CA2: =IF(BK2="","",ABS(BK2-$B2)) | CB2: =IF(BL2="","",ABS(BL2-$B2)) | CC2: =IF(BM2="","",ABS(BM2-$B2)) | ... CK2: =IF(BU2="","",ABS(BU2-$B2)) | CL2: =IF(J2="","",AND(J2>0,J2<101000,BV2<0.05,AP2=0)) | CM2: =IF(K2="","",AND(K2>0,K2>=101000,BW2<0.05,AQ2=0)) | CN2: =IF(L2="","",AND(L2>0,L2<101000,BX2<0.05,AR2>0)) | CO2: =IF(M2="","",AND(M2>0,M2<101000,BY2<0.05,AS2>0)) | CP2: =IF(N2="","",AND(N2>0,N2<101000,BZ2<0.05,AT2>0)) | CQ2: =IF(O2="","",AND(O2>0,O2<101000,CA2<0.05,AU2>0)) | CR2: =IF(P2="","",AND(P2>0,P2<101000,CB2<0.05,AV2>0)) | CS2: =IF(Q2="","",AND(Q2>0,Q2<101000,CC2<0.05,AW2>0)) | CT2: =IF(R2="","",AND(R2>0,R2<101000,CD2<0.05,AX2>0)) | CU2: =IF(S2="","",AND(S2>0,S2>=101000,CE2<0.05,AY2>0)) | CV2: =IF(T2="","",AND(T2>0,T2>=101000,CF2<0.05,AZ2>0)) | CW2: =IF(U2="","",AND(U2>0,U2>=101000,CG2<0.05,BA2>0)) | CX2: =IF(V2="","",AND(V2>0,V2>=101000,CH2<0.05,BB2>0)) | CY2: =IF(W2="","",AND(W2>0,W2>=101000,CI2<0.05,BC2>0)) | CZ2: =IF(X2="","",AND(X2>0,X2>=101000,CJ2<0.05,BD2>0)) | DA2: =IF(Y2="","",AND(Y2>0,Y2>=101000,CK2<0.05,BE2>0)) | DB2: =IFERROR(MATCH(TRUE,CL2:DA2,0),"") | DC2: =IF(DB2="","",INDEX(J2:Y2,DB2)) | DD2: =IF(DB2="","",INDEX(BF2:BU2,DB2))
A3: 2 | B3: ='月度计算'!C6 | C3: ='月度计算'!D6 | D3: ='月度计算'!B6 | E3: ='月度计算'!E6 | F3: ='月度计算'!F6 | G3: ='月度计算'!AB6 | H3: ='月度计算'!AC6 | I3: =IF(C3=0,"",G3*80%-5000*E3-H3) | J3: =IF(OR($C3=0,$B3="",$D3<>""),"",$B3/(1-(0))) | K3: =IF(OR($C3=0,$B3="",$D3<>""),"",$B3/(1-(21/2020))) | L3: =IF(OR($C3=0,$B3="",$D3<>""),"",($B3-0-$F3+$I3*0.03)/(1-(0)-(0.8)*0.03)) | M3: =IF(OR($C3=0,$B3="",$D3<>""),"",($B3-2520-$F3+$I3*0.1)/(1-(0)-(0.8)*0.1)) | N3: =IF(OR($C3=0,$B3="",$D3<>""),"",($B3-16920-$F3+$I3*0.2)/(1-(0)-(0.8)*0.2)) | O3: =IF(OR($C3=0,$B3="",$D3<>""),"",($B3-31920-$F3+$I3*0.25)/(1-(0)-(0.8)*0.25)) | P3: =IF(OR($C3=0,$B3="",$D3<>""),"",($B3-52920-$F3+$I3*0.3)/(1-(0)-(0.8)*0.3)) | Q3: =IF(OR($C3=0,$B3="",$D3<>""),"",($B3-85920-$F3+$I3*0.35)/(1-(0)-(0.8)*0.35)) | R3: =IF(OR($C3=0,$B3="",$D3<>""),"",($B3-181920-$F3+$I3*0.45)/(1-(0)-(0.8)*0.45)) | S3: =IF(OR($C3=0,$B3="",$D3<>""),"",($B3-0-$F3+$I3*0.03)/(1-(21/2020)-(1599/2020)*0.03)) | T3: =IF(OR($C3=0,$B3="",$D3<>""),"",($B3-2520-$F3+$I3*0.1)/(1-(21/2020)-(1599/2020)*0.1)) | U3: =IF(OR($C3=0,$B3="",$D3<>""),"",($B3-16920-$F3+$I3*0.2)/(1-(21/2020)-(1599/2020)*0.2)) | V3: =IF(OR($C3=0,$B3="",$D3<>""),"",($B3-31920-$F3+$I3*0.25)/(1-(21/2020)-(1599/2020)*0.25)) | W3: =IF(OR($C3=0,$B3="",$D3<>""),"",($B3-52920-$F3+$I3*0.3)/(1-(21/2020)-(1599/2020)*0.3)) | X3: =IF(OR($C3=0,$B3="",$D3<>""),"",($B3-85920-$F3+$I3*0.35)/(1-(21/2020)-(1599/2020)*0.35)) | Y3: =IF(OR($C3=0,$B3="",$D3<>""),"",($B3-181920-$F3+$I3*0.45)/(1-(21/2020)-(1599/2020)*0.45)) | Z3: =IF(J3="","",($G3+J3-(IF(J3/(1+IF(J3<100000,0,1%))<100000,0,J3/(1+IF(J3<100000,0,1%))*1%)))*80%-5000*$E3-($H3+(IF(J3/(1+IF(J3<100000,0,1%))<100000,0,J3/(1+IF(J3<100000,0,1%))*1%*5%)))) | AA3: =IF(K3="","",($G3+K3-(IF(K3/(1+IF(K3<100000,0,1%))<100000,0,K3/(1+IF(K3<100000,0,1%))*1%)))*80%-5000*$E3-($H3+(IF(K3/(1+IF(K3<100000,0,1%))<100000,0,K3/(1+IF(K3<100000,0,1%))*1%*5%)))) | AB3: =IF(L3="","",($G3+L3-(IF(L3/(1+IF(L3<100000,0,1%))<100000,0,L3/(1+IF(L3<100000,0,1%))*1%)))*80%-5000*$E3-($H3+(IF(L3/(1+IF(L3<100000,0,1%))<100000,0,L3/(1+IF(L3<100000,0,1%))*1%*5%)))) | AC3: =IF(M3="","",($G3+M3-(IF(M3/(1+IF(M3<100000,0,1%))<100000,0,M3/(1+IF(M3<100000,0,1%))*1%)))*80%-5000*$E3-($H3+(IF(M3/(1+IF(M3<100000,0,1%))<100000,0,M3/(1+IF(M3<100000,0,1%))*1%*5%)))) | AD3: =IF(N3="","",($G3+N3-(IF(N3/(1+IF(N3<100000,0,1%))<100000,0,N3/(1+IF(N3<100000,0,1%))*1%)))*80%-5000*$E3-($H3+(IF(N3/(1+IF(N3<100000,0,1%))<100000,0,N3/(1+IF(N3<100000,0,1%))*1%*5%)))) | AE3: =IF(O3="","",($G3+O3-(IF(O3/(1+IF(O3<100000,0,1%))<100000,0,O3/(1+IF(O3<100000,0,1%))*1%)))*80%-5000*$E3-($H3+(IF(O3/(1+IF(O3<100000,0,1%))<100000,0,O3/(1+IF(O3<100000,0,1%))*1%*5%)))) | AF3: =IF(P3="","",($G3+P3-(IF(P3/(1+IF(P3<100000,0,1%))<100000,0,P3/(1+IF(P3<100000,0,1%))*1%)))*80%-5000*$E3-($H3+(IF(P3/(1+IF(P3<100000,0,1%))<100000,0,P3/(1+IF(P3<100000,0,1%))*1%*5%)))) | AG3: =IF(Q3="","",($G3+Q3-(IF(Q3/(1+IF(Q3<100000,0,1%))<100000,0,Q3/(1+IF(Q3<100000,0,1%))*1%)))*80%-5000*$E3-($H3+(IF(Q3/(1+IF(Q3<100000,0,1%))<100000,0,Q3/(1+IF(Q3<100000,0,1%))*1%*5%)))) | ... AO3: =IF(Y3="","",($G3+Y3-(IF(Y3/(1+IF(Y3<100000,0,1%))<100000,0,Y3/(1+IF(Y3<100000,0,1%))*1%)))*80%-5000*$E3-($H3+(IF(Y3/(1+IF(Y3<100000,0,1%))<100000,0,Y3/(1+IF(Y3<100000,0,1%))*1%*5%)))) | AP3: =IF(Z3="","",MAX(0,Z3*IF(Z3<=36000,3%,IF(Z3<=144000,10%,IF(Z3<=300000,20%,IF(Z3<=420000,25%,IF(Z3<=660000,30%,IF(Z3<=960000,35%,45%))))))-IF(Z3<=36000,0,IF(Z3<=144000,2520,IF(Z3<=300000,16920,IF(Z3<=420000,31920,IF(Z3<=660000,52920,IF(Z3<=960000,85920,181920))))))-$F3)) | AQ3: =IF(AA3="","",MAX(0,AA3*IF(AA3<=36000,3%,IF(AA3<=144000,10%,IF(AA3<=300000,20%,IF(AA3<=420000,25%,IF(AA3<=660000,30%,IF(AA3<=960000,35%,45%))))))-IF(AA3<=36000,0,IF(AA3<=144000,2520,IF(AA3<=300000,16920,IF(AA3<=420000,31920,IF(AA3<=660000,52920,IF(AA3<=960000,85920,181920))))))-$F3)) | AR3: =IF(AB3="","",MAX(0,AB3*IF(AB3<=36000,3%,IF(AB3<=144000,10%,IF(AB3<=300000,20%,IF(AB3<=420000,25%,IF(AB3<=660000,30%,IF(AB3<=960000,35%,45%))))))-IF(AB3<=36000,0,IF(AB3<=144000,2520,IF(AB3<=300000,16920,IF(AB3<=420000,31920,IF(AB3<=660000,52920,IF(AB3<=960000,85920,181920))))))-$F3)) | AS3: =IF(AC3="","",MAX(0,AC3*IF(AC3<=36000,3%,IF(AC3<=144000,10%,IF(AC3<=300000,20%,IF(AC3<=420000,25%,IF(AC3<=660000,30%,IF(AC3<=960000,35%,45%))))))-IF(AC3<=36000,0,IF(AC3<=144000,2520,IF(AC3<=300000,16920,IF(AC3<=420000,31920,IF(AC3<=660000,52920,IF(AC3<=960000,85920,181920))))))-$F3)) | AT3: =IF(AD3="","",MAX(0,AD3*IF(AD3<=36000,3%,IF(AD3<=144000,10%,IF(AD3<=300000,20%,IF(AD3<=420000,25%,IF(AD3<=660000,30%,IF(AD3<=960000,35%,45%))))))-IF(AD3<=36000,0,IF(AD3<=144000,2520,IF(AD3<=300000,16920,IF(AD3<=420000,31920,IF(AD3<=660000,52920,IF(AD3<=960000,85920,181920))))))-$F3)) | AU3: =IF(AE3="","",MAX(0,AE3*IF(AE3<=36000,3%,IF(AE3<=144000,10%,IF(AE3<=300000,20%,IF(AE3<=420000,25%,IF(AE3<=660000,30%,IF(AE3<=960000,35%,45%))))))-IF(AE3<=36000,0,IF(AE3<=144000,2520,IF(AE3<=300000,16920,IF(AE3<=420000,31920,IF(AE3<=660000,52920,IF(AE3<=960000,85920,181920))))))-$F3)) | AV3: =IF(AF3="","",MAX(0,AF3*IF(AF3<=36000,3%,IF(AF3<=144000,10%,IF(AF3<=300000,20%,IF(AF3<=420000,25%,IF(AF3<=660000,30%,IF(AF3<=960000,35%,45%))))))-IF(AF3<=36000,0,IF(AF3<=144000,2520,IF(AF3<=300000,16920,IF(AF3<=420000,31920,IF(AF3<=660000,52920,IF(AF3<=960000,85920,181920))))))-$F3)) | AW3: =IF(AG3="","",MAX(0,AG3*IF(AG3<=36000,3%,IF(AG3<=144000,10%,IF(AG3<=300000,20%,IF(AG3<=420000,25%,IF(AG3<=660000,30%,IF(AG3<=960000,35%,45%))))))-IF(AG3<=36000,0,IF(AG3<=144000,2520,IF(AG3<=300000,16920,IF(AG3<=420000,31920,IF(AG3<=660000,52920,IF(AG3<=960000,85920,181920))))))-$F3)) | ... BE3: =IF(AO3="","",MAX(0,AO3*IF(AO3<=36000,3%,IF(AO3<=144000,10%,IF(AO3<=300000,20%,IF(AO3<=420000,25%,IF(AO3<=660000,30%,IF(AO3<=960000,35%,45%))))))-IF(AO3<=36000,0,IF(AO3<=144000,2520,IF(AO3<=300000,16920,IF(AO3<=420000,31920,IF(AO3<=660000,52920,IF(AO3<=960000,85920,181920))))))-$F3)) | BF3: =IF(J3="","",J3-(IF(J3/(1+IF(J3<100000,0,1%))<100000,0,J3/(1+IF(J3<100000,0,1%))*1%))-(IF(J3/(1+IF(J3<100000,0,1%))<100000,0,J3/(1+IF(J3<100000,0,1%))*1%*5%))-AP3) | BG3: =IF(K3="","",K3-(IF(K3/(1+IF(K3<100000,0,1%))<100000,0,K3/(1+IF(K3<100000,0,1%))*1%))-(IF(K3/(1+IF(K3<100000,0,1%))<100000,0,K3/(1+IF(K3<100000,0,1%))*1%*5%))-AQ3) | BH3: =IF(L3="","",L3-(IF(L3/(1+IF(L3<100000,0,1%))<100000,0,L3/(1+IF(L3<100000,0,1%))*1%))-(IF(L3/(1+IF(L3<100000,0,1%))<100000,0,L3/(1+IF(L3<100000,0,1%))*1%*5%))-AR3) | BI3: =IF(M3="","",M3-(IF(M3/(1+IF(M3<100000,0,1%))<100000,0,M3/(1+IF(M3<100000,0,1%))*1%))-(IF(M3/(1+IF(M3<100000,0,1%))<100000,0,M3/(1+IF(M3<100000,0,1%))*1%*5%))-AS3) | BJ3: =IF(N3="","",N3-(IF(N3/(1+IF(N3<100000,0,1%))<100000,0,N3/(1+IF(N3<100000,0,1%))*1%))-(IF(N3/(1+IF(N3<100000,0,1%))<100000,0,N3/(1+IF(N3<100000,0,1%))*1%*5%))-AT3) | BK3: =IF(O3="","",O3-(IF(O3/(1+IF(O3<100000,0,1%))<100000,0,O3/(1+IF(O3<100000,0,1%))*1%))-(IF(O3/(1+IF(O3<100000,0,1%))<100000,0,O3/(1+IF(O3<100000,0,1%))*1%*5%))-AU3) | BL3: =IF(P3="","",P3-(IF(P3/(1+IF(P3<100000,0,1%))<100000,0,P3/(1+IF(P3<100000,0,1%))*1%))-(IF(P3/(1+IF(P3<100000,0,1%))<100000,0,P3/(1+IF(P3<100000,0,1%))*1%*5%))-AV3) | BM3: =IF(Q3="","",Q3-(IF(Q3/(1+IF(Q3<100000,0,1%))<100000,0,Q3/(1+IF(Q3<100000,0,1%))*1%))-(IF(Q3/(1+IF(Q3<100000,0,1%))<100000,0,Q3/(1+IF(Q3<100000,0,1%))*1%*5%))-AW3) | ... BU3: =IF(Y3="","",Y3-(IF(Y3/(1+IF(Y3<100000,0,1%))<100000,0,Y3/(1+IF(Y3<100000,0,1%))*1%))-(IF(Y3/(1+IF(Y3<100000,0,1%))<100000,0,Y3/(1+IF(Y3<100000,0,1%))*1%*5%))-BE3) | BV3: =IF(BF3="","",ABS(BF3-$B3)) | BW3: =IF(BG3="","",ABS(BG3-$B3)) | BX3: =IF(BH3="","",ABS(BH3-$B3)) | BY3: =IF(BI3="","",ABS(BI3-$B3)) | BZ3: =IF(BJ3="","",ABS(BJ3-$B3)) | CA3: =IF(BK3="","",ABS(BK3-$B3)) | CB3: =IF(BL3="","",ABS(BL3-$B3)) | CC3: =IF(BM3="","",ABS(BM3-$B3)) | ... CK3: =IF(BU3="","",ABS(BU3-$B3)) | CL3: =IF(J3="","",AND(J3>0,J3<101000,BV3<0.05,AP3=0)) | CM3: =IF(K3="","",AND(K3>0,K3>=101000,BW3<0.05,AQ3=0)) | CN3: =IF(L3="","",AND(L3>0,L3<101000,BX3<0.05,AR3>0)) | CO3: =IF(M3="","",AND(M3>0,M3<101000,BY3<0.05,AS3>0)) | CP3: =IF(N3="","",AND(N3>0,N3<101000,BZ3<0.05,AT3>0)) | CQ3: =IF(O3="","",AND(O3>0,O3<101000,CA3<0.05,AU3>0)) | CR3: =IF(P3="","",AND(P3>0,P3<101000,CB3<0.05,AV3>0)) | CS3: =IF(Q3="","",AND(Q3>0,Q3<101000,CC3<0.05,AW3>0)) | CT3: =IF(R3="","",AND(R3>0,R3<101000,CD3<0.05,AX3>0)) | CU3: =IF(S3="","",AND(S3>0,S3>=101000,CE3<0.05,AY3>0)) | CV3: =IF(T3="","",AND(T3>0,T3>=101000,CF3<0.05,AZ3>0)) | CW3: =IF(U3="","",AND(U3>0,U3>=101000,CG3<0.05,BA3>0)) | CX3: =IF(V3="","",AND(V3>0,V3>=101000,CH3<0.05,BB3>0)) | CY3: =IF(W3="","",AND(W3>0,W3>=101000,CI3<0.05,BC3>0)) | CZ3: =IF(X3="","",AND(X3>0,X3>=101000,CJ3<0.05,BD3>0)) | DA3: =IF(Y3="","",AND(Y3>0,Y3>=101000,CK3<0.05,BE3>0)) | DB3: =IFERROR(MATCH(TRUE,CL3:DA3,0),"") | DC3: =IF(DB3="","",INDEX(J3:Y3,DB3)) | DD3: =IF(DB3="","",INDEX(BF3:BU3,DB3))
A4: 3 | B4: ='月度计算'!C7 | C4: ='月度计算'!D7 | D4: ='月度计算'!B7 | E4: ='月度计算'!E7 | F4: ='月度计算'!F7 | G4: ='月度计算'!AB7 | H4: ='月度计算'!AC7 | I4: =IF(C4=0,"",G4*80%-5000*E4-H4) | J4: =IF(OR($C4=0,$B4="",$D4<>""),"",$B4/(1-(0))) | K4: =IF(OR($C4=0,$B4="",$D4<>""),"",$B4/(1-(21/2020))) | L4: =IF(OR($C4=0,$B4="",$D4<>""),"",($B4-0-$F4+$I4*0.03)/(1-(0)-(0.8)*0.03)) | M4: =IF(OR($C4=0,$B4="",$D4<>""),"",($B4-2520-$F4+$I4*0.1)/(1-(0)-(0.8)*0.1)) | N4: =IF(OR($C4=0,$B4="",$D4<>""),"",($B4-16920-$F4+$I4*0.2)/(1-(0)-(0.8)*0.2)) | O4: =IF(OR($C4=0,$B4="",$D4<>""),"",($B4-31920-$F4+$I4*0.25)/(1-(0)-(0.8)*0.25)) | P4: =IF(OR($C4=0,$B4="",$D4<>""),"",($B4-52920-$F4+$I4*0.3)/(1-(0)-(0.8)*0.3)) | Q4: =IF(OR($C4=0,$B4="",$D4<>""),"",($B4-85920-$F4+$I4*0.35)/(1-(0)-(0.8)*0.35)) | R4: =IF(OR($C4=0,$B4="",$D4<>""),"",($B4-181920-$F4+$I4*0.45)/(1-(0)-(0.8)*0.45)) | S4: =IF(OR($C4=0,$B4="",$D4<>""),"",($B4-0-$F4+$I4*0.03)/(1-(21/2020)-(1599/2020)*0.03)) | T4: =IF(OR($C4=0,$B4="",$D4<>""),"",($B4-2520-$F4+$I4*0.1)/(1-(21/2020)-(1599/2020)*0.1)) | U4: =IF(OR($C4=0,$B4="",$D4<>""),"",($B4-16920-$F4+$I4*0.2)/(1-(21/2020)-(1599/2020)*0.2)) | V4: =IF(OR($C4=0,$B4="",$D4<>""),"",($B4-31920-$F4+$I4*0.25)/(1-(21/2020)-(1599/2020)*0.25)) | W4: =IF(OR($C4=0,$B4="",$D4<>""),"",($B4-52920-$F4+$I4*0.3)/(1-(21/2020)-(1599/2020)*0.3)) | X4: =IF(OR($C4=0,$B4="",$D4<>""),"",($B4-85920-$F4+$I4*0.35)/(1-(21/2020)-(1599/2020)*0.35)) | Y4: =IF(OR($C4=0,$B4="",$D4<>""),"",($B4-181920-$F4+$I4*0.45)/(1-(21/2020)-(1599/2020)*0.45)) | Z4: =IF(J4="","",($G4+J4-(IF(J4/(1+IF(J4<100000,0,1%))<100000,0,J4/(1+IF(J4<100000,0,1%))*1%)))*80%-5000*$E4-($H4+(IF(J4/(1+IF(J4<100000,0,1%))<100000,0,J4/(1+IF(J4<100000,0,1%))*1%*5%)))) | AA4: =IF(K4="","",($G4+K4-(IF(K4/(1+IF(K4<100000,0,1%))<100000,0,K4/(1+IF(K4<100000,0,1%))*1%)))*80%-5000*$E4-($H4+(IF(K4/(1+IF(K4<100000,0,1%))<100000,0,K4/(1+IF(K4<100000,0,1%))*1%*5%)))) | AB4: =IF(L4="","",($G4+L4-(IF(L4/(1+IF(L4<100000,0,1%))<100000,0,L4/(1+IF(L4<100000,0,1%))*1%)))*80%-5000*$E4-($H4+(IF(L4/(1+IF(L4<100000,0,1%))<100000,0,L4/(1+IF(L4<100000,0,1%))*1%*5%)))) | AC4: =IF(M4="","",($G4+M4-(IF(M4/(1+IF(M4<100000,0,1%))<100000,0,M4/(1+IF(M4<100000,0,1%))*1%)))*80%-5000*$E4-($H4+(IF(M4/(1+IF(M4<100000,0,1%))<100000,0,M4/(1+IF(M4<100000,0,1%))*1%*5%)))) | AD4: =IF(N4="","",($G4+N4-(IF(N4/(1+IF(N4<100000,0,1%))<100000,0,N4/(1+IF(N4<100000,0,1%))*1%)))*80%-5000*$E4-($H4+(IF(N4/(1+IF(N4<100000,0,1%))<100000,0,N4/(1+IF(N4<100000,0,1%))*1%*5%)))) | AE4: =IF(O4="","",($G4+O4-(IF(O4/(1+IF(O4<100000,0,1%))<100000,0,O4/(1+IF(O4<100000,0,1%))*1%)))*80%-5000*$E4-($H4+(IF(O4/(1+IF(O4<100000,0,1%))<100000,0,O4/(1+IF(O4<100000,0,1%))*1%*5%)))) | AF4: =IF(P4="","",($G4+P4-(IF(P4/(1+IF(P4<100000,0,1%))<100000,0,P4/(1+IF(P4<100000,0,1%))*1%)))*80%-5000*$E4-($H4+(IF(P4/(1+IF(P4<100000,0,1%))<100000,0,P4/(1+IF(P4<100000,0,1%))*1%*5%)))) | AG4: =IF(Q4="","",($G4+Q4-(IF(Q4/(1+IF(Q4<100000,0,1%))<100000,0,Q4/(1+IF(Q4<100000,0,1%))*1%)))*80%-5000*$E4-($H4+(IF(Q4/(1+IF(Q4<100000,0,1%))<100000,0,Q4/(1+IF(Q4<100000,0,1%))*1%*5%)))) | ... AO4: =IF(Y4="","",($G4+Y4-(IF(Y4/(1+IF(Y4<100000,0,1%))<100000,0,Y4/(1+IF(Y4<100000,0,1%))*1%)))*80%-5000*$E4-($H4+(IF(Y4/(1+IF(Y4<100000,0,1%))<100000,0,Y4/(1+IF(Y4<100000,0,1%))*1%*5%)))) | AP4: =IF(Z4="","",MAX(0,Z4*IF(Z4<=36000,3%,IF(Z4<=144000,10%,IF(Z4<=300000,20%,IF(Z4<=420000,25%,IF(Z4<=660000,30%,IF(Z4<=960000,35%,45%))))))-IF(Z4<=36000,0,IF(Z4<=144000,2520,IF(Z4<=300000,16920,IF(Z4<=420000,31920,IF(Z4<=660000,52920,IF(Z4<=960000,85920,181920))))))-$F4)) | AQ4: =IF(AA4="","",MAX(0,AA4*IF(AA4<=36000,3%,IF(AA4<=144000,10%,IF(AA4<=300000,20%,IF(AA4<=420000,25%,IF(AA4<=660000,30%,IF(AA4<=960000,35%,45%))))))-IF(AA4<=36000,0,IF(AA4<=144000,2520,IF(AA4<=300000,16920,IF(AA4<=420000,31920,IF(AA4<=660000,52920,IF(AA4<=960000,85920,181920))))))-$F4)) | AR4: =IF(AB4="","",MAX(0,AB4*IF(AB4<=36000,3%,IF(AB4<=144000,10%,IF(AB4<=300000,20%,IF(AB4<=420000,25%,IF(AB4<=660000,30%,IF(AB4<=960000,35%,45%))))))-IF(AB4<=36000,0,IF(AB4<=144000,2520,IF(AB4<=300000,16920,IF(AB4<=420000,31920,IF(AB4<=660000,52920,IF(AB4<=960000,85920,181920))))))-$F4)) | AS4: =IF(AC4="","",MAX(0,AC4*IF(AC4<=36000,3%,IF(AC4<=144000,10%,IF(AC4<=300000,20%,IF(AC4<=420000,25%,IF(AC4<=660000,30%,IF(AC4<=960000,35%,45%))))))-IF(AC4<=36000,0,IF(AC4<=144000,2520,IF(AC4<=300000,16920,IF(AC4<=420000,31920,IF(AC4<=660000,52920,IF(AC4<=960000,85920,181920))))))-$F4)) | AT4: =IF(AD4="","",MAX(0,AD4*IF(AD4<=36000,3%,IF(AD4<=144000,10%,IF(AD4<=300000,20%,IF(AD4<=420000,25%,IF(AD4<=660000,30%,IF(AD4<=960000,35%,45%))))))-IF(AD4<=36000,0,IF(AD4<=144000,2520,IF(AD4<=300000,16920,IF(AD4<=420000,31920,IF(AD4<=660000,52920,IF(AD4<=960000,85920,181920))))))-$F4)) | AU4: =IF(AE4="","",MAX(0,AE4*IF(AE4<=36000,3%,IF(AE4<=144000,10%,IF(AE4<=300000,20%,IF(AE4<=420000,25%,IF(AE4<=660000,30%,IF(AE4<=960000,35%,45%))))))-IF(AE4<=36000,0,IF(AE4<=144000,2520,IF(AE4<=300000,16920,IF(AE4<=420000,31920,IF(AE4<=660000,52920,IF(AE4<=960000,85920,181920))))))-$F4)) | AV4: =IF(AF4="","",MAX(0,AF4*IF(AF4<=36000,3%,IF(AF4<=144000,10%,IF(AF4<=300000,20%,IF(AF4<=420000,25%,IF(AF4<=660000,30%,IF(AF4<=960000,35%,45%))))))-IF(AF4<=36000,0,IF(AF4<=144000,2520,IF(AF4<=300000,16920,IF(AF4<=420000,31920,IF(AF4<=660000,52920,IF(AF4<=960000,85920,181920))))))-$F4)) | AW4: =IF(AG4="","",MAX(0,AG4*IF(AG4<=36000,3%,IF(AG4<=144000,10%,IF(AG4<=300000,20%,IF(AG4<=420000,25%,IF(AG4<=660000,30%,IF(AG4<=960000,35%,45%))))))-IF(AG4<=36000,0,IF(AG4<=144000,2520,IF(AG4<=300000,16920,IF(AG4<=420000,31920,IF(AG4<=660000,52920,IF(AG4<=960000,85920,181920))))))-$F4)) | ... BE4: =IF(AO4="","",MAX(0,AO4*IF(AO4<=36000,3%,IF(AO4<=144000,10%,IF(AO4<=300000,20%,IF(AO4<=420000,25%,IF(AO4<=660000,30%,IF(AO4<=960000,35%,45%))))))-IF(AO4<=36000,0,IF(AO4<=144000,2520,IF(AO4<=300000,16920,IF(AO4<=420000,31920,IF(AO4<=660000,52920,IF(AO4<=960000,85920,181920))))))-$F4)) | BF4: =IF(J4="","",J4-(IF(J4/(1+IF(J4<100000,0,1%))<100000,0,J4/(1+IF(J4<100000,0,1%))*1%))-(IF(J4/(1+IF(J4<100000,0,1%))<100000,0,J4/(1+IF(J4<100000,0,1%))*1%*5%))-AP4) | BG4: =IF(K4="","",K4-(IF(K4/(1+IF(K4<100000,0,1%))<100000,0,K4/(1+IF(K4<100000,0,1%))*1%))-(IF(K4/(1+IF(K4<100000,0,1%))<100000,0,K4/(1+IF(K4<100000,0,1%))*1%*5%))-AQ4) | BH4: =IF(L4="","",L4-(IF(L4/(1+IF(L4<100000,0,1%))<100000,0,L4/(1+IF(L4<100000,0,1%))*1%))-(IF(L4/(1+IF(L4<100000,0,1%))<100000,0,L4/(1+IF(L4<100000,0,1%))*1%*5%))-AR4) | BI4: =IF(M4="","",M4-(IF(M4/(1+IF(M4<100000,0,1%))<100000,0,M4/(1+IF(M4<100000,0,1%))*1%))-(IF(M4/(1+IF(M4<100000,0,1%))<100000,0,M4/(1+IF(M4<100000,0,1%))*1%*5%))-AS4) | BJ4: =IF(N4="","",N4-(IF(N4/(1+IF(N4<100000,0,1%))<100000,0,N4/(1+IF(N4<100000,0,1%))*1%))-(IF(N4/(1+IF(N4<100000,0,1%))<100000,0,N4/(1+IF(N4<100000,0,1%))*1%*5%))-AT4) | BK4: =IF(O4="","",O4-(IF(O4/(1+IF(O4<100000,0,1%))<100000,0,O4/(1+IF(O4<100000,0,1%))*1%))-(IF(O4/(1+IF(O4<100000,0,1%))<100000,0,O4/(1+IF(O4<100000,0,1%))*1%*5%))-AU4) | BL4: =IF(P4="","",P4-(IF(P4/(1+IF(P4<100000,0,1%))<100000,0,P4/(1+IF(P4<100000,0,1%))*1%))-(IF(P4/(1+IF(P4<100000,0,1%))<100000,0,P4/(1+IF(P4<100000,0,1%))*1%*5%))-AV4) | BM4: =IF(Q4="","",Q4-(IF(Q4/(1+IF(Q4<100000,0,1%))<100000,0,Q4/(1+IF(Q4<100000,0,1%))*1%))-(IF(Q4/(1+IF(Q4<100000,0,1%))<100000,0,Q4/(1+IF(Q4<100000,0,1%))*1%*5%))-AW4) | ... BU4: =IF(Y4="","",Y4-(IF(Y4/(1+IF(Y4<100000,0,1%))<100000,0,Y4/(1+IF(Y4<100000,0,1%))*1%))-(IF(Y4/(1+IF(Y4<100000,0,1%))<100000,0,Y4/(1+IF(Y4<100000,0,1%))*1%*5%))-BE4) | BV4: =IF(BF4="","",ABS(BF4-$B4)) | BW4: =IF(BG4="","",ABS(BG4-$B4)) | BX4: =IF(BH4="","",ABS(BH4-$B4)) | BY4: =IF(BI4="","",ABS(BI4-$B4)) | BZ4: =IF(BJ4="","",ABS(BJ4-$B4)) | CA4: =IF(BK4="","",ABS(BK4-$B4)) | CB4: =IF(BL4="","",ABS(BL4-$B4)) | CC4: =IF(BM4="","",ABS(BM4-$B4)) | ... CK4: =IF(BU4="","",ABS(BU4-$B4)) | CL4: =IF(J4="","",AND(J4>0,J4<101000,BV4<0.05,AP4=0)) | CM4: =IF(K4="","",AND(K4>0,K4>=101000,BW4<0.05,AQ4=0)) | CN4: =IF(L4="","",AND(L4>0,L4<101000,BX4<0.05,AR4>0)) | CO4: =IF(M4="","",AND(M4>0,M4<101000,BY4<0.05,AS4>0)) | CP4: =IF(N4="","",AND(N4>0,N4<101000,BZ4<0.05,AT4>0)) | CQ4: =IF(O4="","",AND(O4>0,O4<101000,CA4<0.05,AU4>0)) | CR4: =IF(P4="","",AND(P4>0,P4<101000,CB4<0.05,AV4>0)) | CS4: =IF(Q4="","",AND(Q4>0,Q4<101000,CC4<0.05,AW4>0)) | CT4: =IF(R4="","",AND(R4>0,R4<101000,CD4<0.05,AX4>0)) | CU4: =IF(S4="","",AND(S4>0,S4>=101000,CE4<0.05,AY4>0)) | CV4: =IF(T4="","",AND(T4>0,T4>=101000,CF4<0.05,AZ4>0)) | CW4: =IF(U4="","",AND(U4>0,U4>=101000,CG4<0.05,BA4>0)) | CX4: =IF(V4="","",AND(V4>0,V4>=101000,CH4<0.05,BB4>0)) | CY4: =IF(W4="","",AND(W4>0,W4>=101000,CI4<0.05,BC4>0)) | CZ4: =IF(X4="","",AND(X4>0,X4>=101000,CJ4<0.05,BD4>0)) | DA4: =IF(Y4="","",AND(Y4>0,Y4>=101000,CK4<0.05,BE4>0)) | DB4: =IFERROR(MATCH(TRUE,CL4:DA4,0),"") | DC4: =IF(DB4="","",INDEX(J4:Y4,DB4)) | DD4: =IF(DB4="","",INDEX(BF4:BU4,DB4))
A5: 4 | B5: ='月度计算'!C8 | C5: ='月度计算'!D8 | D5: ='月度计算'!B8 | E5: ='月度计算'!E8 | F5: ='月度计算'!F8 | G5: ='月度计算'!AB8 | H5: ='月度计算'!AC8 | I5: =IF(C5=0,"",G5*80%-5000*E5-H5) | J5: =IF(OR($C5=0,$B5="",$D5<>""),"",$B5/(1-(0))) | K5: =IF(OR($C5=0,$B5="",$D5<>""),"",$B5/(1-(21/2020))) | L5: =IF(OR($C5=0,$B5="",$D5<>""),"",($B5-0-$F5+$I5*0.03)/(1-(0)-(0.8)*0.03)) | M5: =IF(OR($C5=0,$B5="",$D5<>""),"",($B5-2520-$F5+$I5*0.1)/(1-(0)-(0.8)*0.1)) | N5: =IF(OR($C5=0,$B5="",$D5<>""),"",($B5-16920-$F5+$I5*0.2)/(1-(0)-(0.8)*0.2)) | O5: =IF(OR($C5=0,$B5="",$D5<>""),"",($B5-31920-$F5+$I5*0.25)/(1-(0)-(0.8)*0.25)) | P5: =IF(OR($C5=0,$B5="",$D5<>""),"",($B5-52920-$F5+$I5*0.3)/(1-(0)-(0.8)*0.3)) | Q5: =IF(OR($C5=0,$B5="",$D5<>""),"",($B5-85920-$F5+$I5*0.35)/(1-(0)-(0.8)*0.35)) | R5: =IF(OR($C5=0,$B5="",$D5<>""),"",($B5-181920-$F5+$I5*0.45)/(1-(0)-(0.8)*0.45)) | S5: =IF(OR($C5=0,$B5="",$D5<>""),"",($B5-0-$F5+$I5*0.03)/(1-(21/2020)-(1599/2020)*0.03)) | T5: =IF(OR($C5=0,$B5="",$D5<>""),"",($B5-2520-$F5+$I5*0.1)/(1-(21/2020)-(1599/2020)*0.1)) | U5: =IF(OR($C5=0,$B5="",$D5<>""),"",($B5-16920-$F5+$I5*0.2)/(1-(21/2020)-(1599/2020)*0.2)) | V5: =IF(OR($C5=0,$B5="",$D5<>""),"",($B5-31920-$F5+$I5*0.25)/(1-(21/2020)-(1599/2020)*0.25)) | W5: =IF(OR($C5=0,$B5="",$D5<>""),"",($B5-52920-$F5+$I5*0.3)/(1-(21/2020)-(1599/2020)*0.3)) | X5: =IF(OR($C5=0,$B5="",$D5<>""),"",($B5-85920-$F5+$I5*0.35)/(1-(21/2020)-(1599/2020)*0.35)) | Y5: =IF(OR($C5=0,$B5="",$D5<>""),"",($B5-181920-$F5+$I5*0.45)/(1-(21/2020)-(1599/2020)*0.45)) | Z5: =IF(J5="","",($G5+J5-(IF(J5/(1+IF(J5<100000,0,1%))<100000,0,J5/(1+IF(J5<100000,0,1%))*1%)))*80%-5000*$E5-($H5+(IF(J5/(1+IF(J5<100000,0,1%))<100000,0,J5/(1+IF(J5<100000,0,1%))*1%*5%)))) | AA5: =IF(K5="","",($G5+K5-(IF(K5/(1+IF(K5<100000,0,1%))<100000,0,K5/(1+IF(K5<100000,0,1%))*1%)))*80%-5000*$E5-($H5+(IF(K5/(1+IF(K5<100000,0,1%))<100000,0,K5/(1+IF(K5<100000,0,1%))*1%*5%)))) | AB5: =IF(L5="","",($G5+L5-(IF(L5/(1+IF(L5<100000,0,1%))<100000,0,L5/(1+IF(L5<100000,0,1%))*1%)))*80%-5000*$E5-($H5+(IF(L5/(1+IF(L5<100000,0,1%))<100000,0,L5/(1+IF(L5<100000,0,1%))*1%*5%)))) | AC5: =IF(M5="","",($G5+M5-(IF(M5/(1+IF(M5<100000,0,1%))<100000,0,M5/(1+IF(M5<100000,0,1%))*1%)))*80%-5000*$E5-($H5+(IF(M5/(1+IF(M5<100000,0,1%))<100000,0,M5/(1+IF(M5<100000,0,1%))*1%*5%)))) | AD5: =IF(N5="","",($G5+N5-(IF(N5/(1+IF(N5<100000,0,1%))<100000,0,N5/(1+IF(N5<100000,0,1%))*1%)))*80%-5000*$E5-($H5+(IF(N5/(1+IF(N5<100000,0,1%))<100000,0,N5/(1+IF(N5<100000,0,1%))*1%*5%)))) | AE5: =IF(O5="","",($G5+O5-(IF(O5/(1+IF(O5<100000,0,1%))<100000,0,O5/(1+IF(O5<100000,0,1%))*1%)))*80%-5000*$E5-($H5+(IF(O5/(1+IF(O5<100000,0,1%))<100000,0,O5/(1+IF(O5<100000,0,1%))*1%*5%)))) | AF5: =IF(P5="","",($G5+P5-(IF(P5/(1+IF(P5<100000,0,1%))<100000,0,P5/(1+IF(P5<100000,0,1%))*1%)))*80%-5000*$E5-($H5+(IF(P5/(1+IF(P5<100000,0,1%))<100000,0,P5/(1+IF(P5<100000,0,1%))*1%*5%)))) | AG5: =IF(Q5="","",($G5+Q5-(IF(Q5/(1+IF(Q5<100000,0,1%))<100000,0,Q5/(1+IF(Q5<100000,0,1%))*1%)))*80%-5000*$E5-($H5+(IF(Q5/(1+IF(Q5<100000,0,1%))<100000,0,Q5/(1+IF(Q5<100000,0,1%))*1%*5%)))) | ... AO5: =IF(Y5="","",($G5+Y5-(IF(Y5/(1+IF(Y5<100000,0,1%))<100000,0,Y5/(1+IF(Y5<100000,0,1%))*1%)))*80%-5000*$E5-($H5+(IF(Y5/(1+IF(Y5<100000,0,1%))<100000,0,Y5/(1+IF(Y5<100000,0,1%))*1%*5%)))) | AP5: =IF(Z5="","",MAX(0,Z5*IF(Z5<=36000,3%,IF(Z5<=144000,10%,IF(Z5<=300000,20%,IF(Z5<=420000,25%,IF(Z5<=660000,30%,IF(Z5<=960000,35%,45%))))))-IF(Z5<=36000,0,IF(Z5<=144000,2520,IF(Z5<=300000,16920,IF(Z5<=420000,31920,IF(Z5<=660000,52920,IF(Z5<=960000,85920,181920))))))-$F5)) | AQ5: =IF(AA5="","",MAX(0,AA5*IF(AA5<=36000,3%,IF(AA5<=144000,10%,IF(AA5<=300000,20%,IF(AA5<=420000,25%,IF(AA5<=660000,30%,IF(AA5<=960000,35%,45%))))))-IF(AA5<=36000,0,IF(AA5<=144000,2520,IF(AA5<=300000,16920,IF(AA5<=420000,31920,IF(AA5<=660000,52920,IF(AA5<=960000,85920,181920))))))-$F5)) | AR5: =IF(AB5="","",MAX(0,AB5*IF(AB5<=36000,3%,IF(AB5<=144000,10%,IF(AB5<=300000,20%,IF(AB5<=420000,25%,IF(AB5<=660000,30%,IF(AB5<=960000,35%,45%))))))-IF(AB5<=36000,0,IF(AB5<=144000,2520,IF(AB5<=300000,16920,IF(AB5<=420000,31920,IF(AB5<=660000,52920,IF(AB5<=960000,85920,181920))))))-$F5)) | AS5: =IF(AC5="","",MAX(0,AC5*IF(AC5<=36000,3%,IF(AC5<=144000,10%,IF(AC5<=300000,20%,IF(AC5<=420000,25%,IF(AC5<=660000,30%,IF(AC5<=960000,35%,45%))))))-IF(AC5<=36000,0,IF(AC5<=144000,2520,IF(AC5<=300000,16920,IF(AC5<=420000,31920,IF(AC5<=660000,52920,IF(AC5<=960000,85920,181920))))))-$F5)) | AT5: =IF(AD5="","",MAX(0,AD5*IF(AD5<=36000,3%,IF(AD5<=144000,10%,IF(AD5<=300000,20%,IF(AD5<=420000,25%,IF(AD5<=660000,30%,IF(AD5<=960000,35%,45%))))))-IF(AD5<=36000,0,IF(AD5<=144000,2520,IF(AD5<=300000,16920,IF(AD5<=420000,31920,IF(AD5<=660000,52920,IF(AD5<=960000,85920,181920))))))-$F5)) | AU5: =IF(AE5="","",MAX(0,AE5*IF(AE5<=36000,3%,IF(AE5<=144000,10%,IF(AE5<=300000,20%,IF(AE5<=420000,25%,IF(AE5<=660000,30%,IF(AE5<=960000,35%,45%))))))-IF(AE5<=36000,0,IF(AE5<=144000,2520,IF(AE5<=300000,16920,IF(AE5<=420000,31920,IF(AE5<=660000,52920,IF(AE5<=960000,85920,181920))))))-$F5)) | AV5: =IF(AF5="","",MAX(0,AF5*IF(AF5<=36000,3%,IF(AF5<=144000,10%,IF(AF5<=300000,20%,IF(AF5<=420000,25%,IF(AF5<=660000,30%,IF(AF5<=960000,35%,45%))))))-IF(AF5<=36000,0,IF(AF5<=144000,2520,IF(AF5<=300000,16920,IF(AF5<=420000,31920,IF(AF5<=660000,52920,IF(AF5<=960000,85920,181920))))))-$F5)) | AW5: =IF(AG5="","",MAX(0,AG5*IF(AG5<=36000,3%,IF(AG5<=144000,10%,IF(AG5<=300000,20%,IF(AG5<=420000,25%,IF(AG5<=660000,30%,IF(AG5<=960000,35%,45%))))))-IF(AG5<=36000,0,IF(AG5<=144000,2520,IF(AG5<=300000,16920,IF(AG5<=420000,31920,IF(AG5<=660000,52920,IF(AG5<=960000,85920,181920))))))-$F5)) | ... BE5: =IF(AO5="","",MAX(0,AO5*IF(AO5<=36000,3%,IF(AO5<=144000,10%,IF(AO5<=300000,20%,IF(AO5<=420000,25%,IF(AO5<=660000,30%,IF(AO5<=960000,35%,45%))))))-IF(AO5<=36000,0,IF(AO5<=144000,2520,IF(AO5<=300000,16920,IF(AO5<=420000,31920,IF(AO5<=660000,52920,IF(AO5<=960000,85920,181920))))))-$F5)) | BF5: =IF(J5="","",J5-(IF(J5/(1+IF(J5<100000,0,1%))<100000,0,J5/(1+IF(J5<100000,0,1%))*1%))-(IF(J5/(1+IF(J5<100000,0,1%))<100000,0,J5/(1+IF(J5<100000,0,1%))*1%*5%))-AP5) | BG5: =IF(K5="","",K5-(IF(K5/(1+IF(K5<100000,0,1%))<100000,0,K5/(1+IF(K5<100000,0,1%))*1%))-(IF(K5/(1+IF(K5<100000,0,1%))<100000,0,K5/(1+IF(K5<100000,0,1%))*1%*5%))-AQ5) | BH5: =IF(L5="","",L5-(IF(L5/(1+IF(L5<100000,0,1%))<100000,0,L5/(1+IF(L5<100000,0,1%))*1%))-(IF(L5/(1+IF(L5<100000,0,1%))<100000,0,L5/(1+IF(L5<100000,0,1%))*1%*5%))-AR5) | BI5: =IF(M5="","",M5-(IF(M5/(1+IF(M5<100000,0,1%))<100000,0,M5/(1+IF(M5<100000,0,1%))*1%))-(IF(M5/(1+IF(M5<100000,0,1%))<100000,0,M5/(1+IF(M5<100000,0,1%))*1%*5%))-AS5) | BJ5: =IF(N5="","",N5-(IF(N5/(1+IF(N5<100000,0,1%))<100000,0,N5/(1+IF(N5<100000,0,1%))*1%))-(IF(N5/(1+IF(N5<100000,0,1%))<100000,0,N5/(1+IF(N5<100000,0,1%))*1%*5%))-AT5) | BK5: =IF(O5="","",O5-(IF(O5/(1+IF(O5<100000,0,1%))<100000,0,O5/(1+IF(O5<100000,0,1%))*1%))-(IF(O5/(1+IF(O5<100000,0,1%))<100000,0,O5/(1+IF(O5<100000,0,1%))*1%*5%))-AU5) | BL5: =IF(P5="","",P5-(IF(P5/(1+IF(P5<100000,0,1%))<100000,0,P5/(1+IF(P5<100000,0,1%))*1%))-(IF(P5/(1+IF(P5<100000,0,1%))<100000,0,P5/(1+IF(P5<100000,0,1%))*1%*5%))-AV5) | BM5: =IF(Q5="","",Q5-(IF(Q5/(1+IF(Q5<100000,0,1%))<100000,0,Q5/(1+IF(Q5<100000,0,1%))*1%))-(IF(Q5/(1+IF(Q5<100000,0,1%))<100000,0,Q5/(1+IF(Q5<100000,0,1%))*1%*5%))-AW5) | ... BU5: =IF(Y5="","",Y5-(IF(Y5/(1+IF(Y5<100000,0,1%))<100000,0,Y5/(1+IF(Y5<100000,0,1%))*1%))-(IF(Y5/(1+IF(Y5<100000,0,1%))<100000,0,Y5/(1+IF(Y5<100000,0,1%))*1%*5%))-BE5) | BV5: =IF(BF5="","",ABS(BF5-$B5)) | BW5: =IF(BG5="","",ABS(BG5-$B5)) | BX5: =IF(BH5="","",ABS(BH5-$B5)) | BY5: =IF(BI5="","",ABS(BI5-$B5)) | BZ5: =IF(BJ5="","",ABS(BJ5-$B5)) | CA5: =IF(BK5="","",ABS(BK5-$B5)) | CB5: =IF(BL5="","",ABS(BL5-$B5)) | CC5: =IF(BM5="","",ABS(BM5-$B5)) | ... CK5: =IF(BU5="","",ABS(BU5-$B5)) | CL5: =IF(J5="","",AND(J5>0,J5<101000,BV5<0.05,AP5=0)) | CM5: =IF(K5="","",AND(K5>0,K5>=101000,BW5<0.05,AQ5=0)) | CN5: =IF(L5="","",AND(L5>0,L5<101000,BX5<0.05,AR5>0)) | CO5: =IF(M5="","",AND(M5>0,M5<101000,BY5<0.05,AS5>0)) | CP5: =IF(N5="","",AND(N5>0,N5<101000,BZ5<0.05,AT5>0)) | CQ5: =IF(O5="","",AND(O5>0,O5<101000,CA5<0.05,AU5>0)) | CR5: =IF(P5="","",AND(P5>0,P5<101000,CB5<0.05,AV5>0)) | CS5: =IF(Q5="","",AND(Q5>0,Q5<101000,CC5<0.05,AW5>0)) | CT5: =IF(R5="","",AND(R5>0,R5<101000,CD5<0.05,AX5>0)) | CU5: =IF(S5="","",AND(S5>0,S5>=101000,CE5<0.05,AY5>0)) | CV5: =IF(T5="","",AND(T5>0,T5>=101000,CF5<0.05,AZ5>0)) | CW5: =IF(U5="","",AND(U5>0,U5>=101000,CG5<0.05,BA5>0)) | CX5: =IF(V5="","",AND(V5>0,V5>=101000,CH5<0.05,BB5>0)) | CY5: =IF(W5="","",AND(W5>0,W5>=101000,CI5<0.05,BC5>0)) | CZ5: =IF(X5="","",AND(X5>0,X5>=101000,CJ5<0.05,BD5>0)) | DA5: =IF(Y5="","",AND(Y5>0,Y5>=101000,CK5<0.05,BE5>0)) | DB5: =IFERROR(MATCH(TRUE,CL5:DA5,0),"") | DC5: =IF(DB5="","",INDEX(J5:Y5,DB5)) | DD5: =IF(DB5="","",INDEX(BF5:BU5,DB5))
A6: 5 | B6: ='月度计算'!C9 | C6: ='月度计算'!D9 | D6: ='月度计算'!B9 | E6: ='月度计算'!E9 | F6: ='月度计算'!F9 | G6: ='月度计算'!AB9 | H6: ='月度计算'!AC9 | I6: =IF(C6=0,"",G6*80%-5000*E6-H6) | J6: =IF(OR($C6=0,$B6="",$D6<>""),"",$B6/(1-(0))) | K6: =IF(OR($C6=0,$B6="",$D6<>""),"",$B6/(1-(21/2020))) | L6: =IF(OR($C6=0,$B6="",$D6<>""),"",($B6-0-$F6+$I6*0.03)/(1-(0)-(0.8)*0.03)) | M6: =IF(OR($C6=0,$B6="",$D6<>""),"",($B6-2520-$F6+$I6*0.1)/(1-(0)-(0.8)*0.1)) | N6: =IF(OR($C6=0,$B6="",$D6<>""),"",($B6-16920-$F6+$I6*0.2)/(1-(0)-(0.8)*0.2)) | O6: =IF(OR($C6=0,$B6="",$D6<>""),"",($B6-31920-$F6+$I6*0.25)/(1-(0)-(0.8)*0.25)) | P6: =IF(OR($C6=0,$B6="",$D6<>""),"",($B6-52920-$F6+$I6*0.3)/(1-(0)-(0.8)*0.3)) | Q6: =IF(OR($C6=0,$B6="",$D6<>""),"",($B6-85920-$F6+$I6*0.35)/(1-(0)-(0.8)*0.35)) | R6: =IF(OR($C6=0,$B6="",$D6<>""),"",($B6-181920-$F6+$I6*0.45)/(1-(0)-(0.8)*0.45)) | S6: =IF(OR($C6=0,$B6="",$D6<>""),"",($B6-0-$F6+$I6*0.03)/(1-(21/2020)-(1599/2020)*0.03)) | T6: =IF(OR($C6=0,$B6="",$D6<>""),"",($B6-2520-$F6+$I6*0.1)/(1-(21/2020)-(1599/2020)*0.1)) | U6: =IF(OR($C6=0,$B6="",$D6<>""),"",($B6-16920-$F6+$I6*0.2)/(1-(21/2020)-(1599/2020)*0.2)) | V6: =IF(OR($C6=0,$B6="",$D6<>""),"",($B6-31920-$F6+$I6*0.25)/(1-(21/2020)-(1599/2020)*0.25)) | W6: =IF(OR($C6=0,$B6="",$D6<>""),"",($B6-52920-$F6+$I6*0.3)/(1-(21/2020)-(1599/2020)*0.3)) | X6: =IF(OR($C6=0,$B6="",$D6<>""),"",($B6-85920-$F6+$I6*0.35)/(1-(21/2020)-(1599/2020)*0.35)) | Y6: =IF(OR($C6=0,$B6="",$D6<>""),"",($B6-181920-$F6+$I6*0.45)/(1-(21/2020)-(1599/2020)*0.45)) | Z6: =IF(J6="","",($G6+J6-(IF(J6/(1+IF(J6<100000,0,1%))<100000,0,J6/(1+IF(J6<100000,0,1%))*1%)))*80%-5000*$E6-($H6+(IF(J6/(1+IF(J6<100000,0,1%))<100000,0,J6/(1+IF(J6<100000,0,1%))*1%*5%)))) | AA6: =IF(K6="","",($G6+K6-(IF(K6/(1+IF(K6<100000,0,1%))<100000,0,K6/(1+IF(K6<100000,0,1%))*1%)))*80%-5000*$E6-($H6+(IF(K6/(1+IF(K6<100000,0,1%))<100000,0,K6/(1+IF(K6<100000,0,1%))*1%*5%)))) | AB6: =IF(L6="","",($G6+L6-(IF(L6/(1+IF(L6<100000,0,1%))<100000,0,L6/(1+IF(L6<100000,0,1%))*1%)))*80%-5000*$E6-($H6+(IF(L6/(1+IF(L6<100000,0,1%))<100000,0,L6/(1+IF(L6<100000,0,1%))*1%*5%)))) | AC6: =IF(M6="","",($G6+M6-(IF(M6/(1+IF(M6<100000,0,1%))<100000,0,M6/(1+IF(M6<100000,0,1%))*1%)))*80%-5000*$E6-($H6+(IF(M6/(1+IF(M6<100000,0,1%))<100000,0,M6/(1+IF(M6<100000,0,1%))*1%*5%)))) | AD6: =IF(N6="","",($G6+N6-(IF(N6/(1+IF(N6<100000,0,1%))<100000,0,N6/(1+IF(N6<100000,0,1%))*1%)))*80%-5000*$E6-($H6+(IF(N6/(1+IF(N6<100000,0,1%))<100000,0,N6/(1+IF(N6<100000,0,1%))*1%*5%)))) | AE6: =IF(O6="","",($G6+O6-(IF(O6/(1+IF(O6<100000,0,1%))<100000,0,O6/(1+IF(O6<100000,0,1%))*1%)))*80%-5000*$E6-($H6+(IF(O6/(1+IF(O6<100000,0,1%))<100000,0,O6/(1+IF(O6<100000,0,1%))*1%*5%)))) | AF6: =IF(P6="","",($G6+P6-(IF(P6/(1+IF(P6<100000,0,1%))<100000,0,P6/(1+IF(P6<100000,0,1%))*1%)))*80%-5000*$E6-($H6+(IF(P6/(1+IF(P6<100000,0,1%))<100000,0,P6/(1+IF(P6<100000,0,1%))*1%*5%)))) | AG6: =IF(Q6="","",($G6+Q6-(IF(Q6/(1+IF(Q6<100000,0,1%))<100000,0,Q6/(1+IF(Q6<100000,0,1%))*1%)))*80%-5000*$E6-($H6+(IF(Q6/(1+IF(Q6<100000,0,1%))<100000,0,Q6/(1+IF(Q6<100000,0,1%))*1%*5%)))) | ... AO6: =IF(Y6="","",($G6+Y6-(IF(Y6/(1+IF(Y6<100000,0,1%))<100000,0,Y6/(1+IF(Y6<100000,0,1%))*1%)))*80%-5000*$E6-($H6+(IF(Y6/(1+IF(Y6<100000,0,1%))<100000,0,Y6/(1+IF(Y6<100000,0,1%))*1%*5%)))) | AP6: =IF(Z6="","",MAX(0,Z6*IF(Z6<=36000,3%,IF(Z6<=144000,10%,IF(Z6<=300000,20%,IF(Z6<=420000,25%,IF(Z6<=660000,30%,IF(Z6<=960000,35%,45%))))))-IF(Z6<=36000,0,IF(Z6<=144000,2520,IF(Z6<=300000,16920,IF(Z6<=420000,31920,IF(Z6<=660000,52920,IF(Z6<=960000,85920,181920))))))-$F6)) | AQ6: =IF(AA6="","",MAX(0,AA6*IF(AA6<=36000,3%,IF(AA6<=144000,10%,IF(AA6<=300000,20%,IF(AA6<=420000,25%,IF(AA6<=660000,30%,IF(AA6<=960000,35%,45%))))))-IF(AA6<=36000,0,IF(AA6<=144000,2520,IF(AA6<=300000,16920,IF(AA6<=420000,31920,IF(AA6<=660000,52920,IF(AA6<=960000,85920,181920))))))-$F6)) | AR6: =IF(AB6="","",MAX(0,AB6*IF(AB6<=36000,3%,IF(AB6<=144000,10%,IF(AB6<=300000,20%,IF(AB6<=420000,25%,IF(AB6<=660000,30%,IF(AB6<=960000,35%,45%))))))-IF(AB6<=36000,0,IF(AB6<=144000,2520,IF(AB6<=300000,16920,IF(AB6<=420000,31920,IF(AB6<=660000,52920,IF(AB6<=960000,85920,181920))))))-$F6)) | AS6: =IF(AC6="","",MAX(0,AC6*IF(AC6<=36000,3%,IF(AC6<=144000,10%,IF(AC6<=300000,20%,IF(AC6<=420000,25%,IF(AC6<=660000,30%,IF(AC6<=960000,35%,45%))))))-IF(AC6<=36000,0,IF(AC6<=144000,2520,IF(AC6<=300000,16920,IF(AC6<=420000,31920,IF(AC6<=660000,52920,IF(AC6<=960000,85920,181920))))))-$F6)) | AT6: =IF(AD6="","",MAX(0,AD6*IF(AD6<=36000,3%,IF(AD6<=144000,10%,IF(AD6<=300000,20%,IF(AD6<=420000,25%,IF(AD6<=660000,30%,IF(AD6<=960000,35%,45%))))))-IF(AD6<=36000,0,IF(AD6<=144000,2520,IF(AD6<=300000,16920,IF(AD6<=420000,31920,IF(AD6<=660000,52920,IF(AD6<=960000,85920,181920))))))-$F6)) | AU6: =IF(AE6="","",MAX(0,AE6*IF(AE6<=36000,3%,IF(AE6<=144000,10%,IF(AE6<=300000,20%,IF(AE6<=420000,25%,IF(AE6<=660000,30%,IF(AE6<=960000,35%,45%))))))-IF(AE6<=36000,0,IF(AE6<=144000,2520,IF(AE6<=300000,16920,IF(AE6<=420000,31920,IF(AE6<=660000,52920,IF(AE6<=960000,85920,181920))))))-$F6)) | AV6: =IF(AF6="","",MAX(0,AF6*IF(AF6<=36000,3%,IF(AF6<=144000,10%,IF(AF6<=300000,20%,IF(AF6<=420000,25%,IF(AF6<=660000,30%,IF(AF6<=960000,35%,45%))))))-IF(AF6<=36000,0,IF(AF6<=144000,2520,IF(AF6<=300000,16920,IF(AF6<=420000,31920,IF(AF6<=660000,52920,IF(AF6<=960000,85920,181920))))))-$F6)) | AW6: =IF(AG6="","",MAX(0,AG6*IF(AG6<=36000,3%,IF(AG6<=144000,10%,IF(AG6<=300000,20%,IF(AG6<=420000,25%,IF(AG6<=660000,30%,IF(AG6<=960000,35%,45%))))))-IF(AG6<=36000,0,IF(AG6<=144000,2520,IF(AG6<=300000,16920,IF(AG6<=420000,31920,IF(AG6<=660000,52920,IF(AG6<=960000,85920,181920))))))-$F6)) | ... BE6: =IF(AO6="","",MAX(0,AO6*IF(AO6<=36000,3%,IF(AO6<=144000,10%,IF(AO6<=300000,20%,IF(AO6<=420000,25%,IF(AO6<=660000,30%,IF(AO6<=960000,35%,45%))))))-IF(AO6<=36000,0,IF(AO6<=144000,2520,IF(AO6<=300000,16920,IF(AO6<=420000,31920,IF(AO6<=660000,52920,IF(AO6<=960000,85920,181920))))))-$F6)) | BF6: =IF(J6="","",J6-(IF(J6/(1+IF(J6<100000,0,1%))<100000,0,J6/(1+IF(J6<100000,0,1%))*1%))-(IF(J6/(1+IF(J6<100000,0,1%))<100000,0,J6/(1+IF(J6<100000,0,1%))*1%*5%))-AP6) | BG6: =IF(K6="","",K6-(IF(K6/(1+IF(K6<100000,0,1%))<100000,0,K6/(1+IF(K6<100000,0,1%))*1%))-(IF(K6/(1+IF(K6<100000,0,1%))<100000,0,K6/(1+IF(K6<100000,0,1%))*1%*5%))-AQ6) | BH6: =IF(L6="","",L6-(IF(L6/(1+IF(L6<100000,0,1%))<100000,0,L6/(1+IF(L6<100000,0,1%))*1%))-(IF(L6/(1+IF(L6<100000,0,1%))<100000,0,L6/(1+IF(L6<100000,0,1%))*1%*5%))-AR6) | BI6: =IF(M6="","",M6-(IF(M6/(1+IF(M6<100000,0,1%))<100000,0,M6/(1+IF(M6<100000,0,1%))*1%))-(IF(M6/(1+IF(M6<100000,0,1%))<100000,0,M6/(1+IF(M6<100000,0,1%))*1%*5%))-AS6) | BJ6: =IF(N6="","",N6-(IF(N6/(1+IF(N6<100000,0,1%))<100000,0,N6/(1+IF(N6<100000,0,1%))*1%))-(IF(N6/(1+IF(N6<100000,0,1%))<100000,0,N6/(1+IF(N6<100000,0,1%))*1%*5%))-AT6) | BK6: =IF(O6="","",O6-(IF(O6/(1+IF(O6<100000,0,1%))<100000,0,O6/(1+IF(O6<100000,0,1%))*1%))-(IF(O6/(1+IF(O6<100000,0,1%))<100000,0,O6/(1+IF(O6<100000,0,1%))*1%*5%))-AU6) | BL6: =IF(P6="","",P6-(IF(P6/(1+IF(P6<100000,0,1%))<100000,0,P6/(1+IF(P6<100000,0,1%))*1%))-(IF(P6/(1+IF(P6<100000,0,1%))<100000,0,P6/(1+IF(P6<100000,0,1%))*1%*5%))-AV6) | BM6: =IF(Q6="","",Q6-(IF(Q6/(1+IF(Q6<100000,0,1%))<100000,0,Q6/(1+IF(Q6<100000,0,1%))*1%))-(IF(Q6/(1+IF(Q6<100000,0,1%))<100000,0,Q6/(1+IF(Q6<100000,0,1%))*1%*5%))-AW6) | ... BU6: =IF(Y6="","",Y6-(IF(Y6/(1+IF(Y6<100000,0,1%))<100000,0,Y6/(1+IF(Y6<100000,0,1%))*1%))-(IF(Y6/(1+IF(Y6<100000,0,1%))<100000,0,Y6/(1+IF(Y6<100000,0,1%))*1%*5%))-BE6) | BV6: =IF(BF6="","",ABS(BF6-$B6)) | BW6: =IF(BG6="","",ABS(BG6-$B6)) | BX6: =IF(BH6="","",ABS(BH6-$B6)) | BY6: =IF(BI6="","",ABS(BI6-$B6)) | BZ6: =IF(BJ6="","",ABS(BJ6-$B6)) | CA6: =IF(BK6="","",ABS(BK6-$B6)) | CB6: =IF(BL6="","",ABS(BL6-$B6)) | CC6: =IF(BM6="","",ABS(BM6-$B6)) | ... CK6: =IF(BU6="","",ABS(BU6-$B6)) | CL6: =IF(J6="","",AND(J6>0,J6<101000,BV6<0.05,AP6=0)) | CM6: =IF(K6="","",AND(K6>0,K6>=101000,BW6<0.05,AQ6=0)) | CN6: =IF(L6="","",AND(L6>0,L6<101000,BX6<0.05,AR6>0)) | CO6: =IF(M6="","",AND(M6>0,M6<101000,BY6<0.05,AS6>0)) | CP6: =IF(N6="","",AND(N6>0,N6<101000,BZ6<0.05,AT6>0)) | CQ6: =IF(O6="","",AND(O6>0,O6<101000,CA6<0.05,AU6>0)) | CR6: =IF(P6="","",AND(P6>0,P6<101000,CB6<0.05,AV6>0)) | CS6: =IF(Q6="","",AND(Q6>0,Q6<101000,CC6<0.05,AW6>0)) | CT6: =IF(R6="","",AND(R6>0,R6<101000,CD6<0.05,AX6>0)) | CU6: =IF(S6="","",AND(S6>0,S6>=101000,CE6<0.05,AY6>0)) | CV6: =IF(T6="","",AND(T6>0,T6>=101000,CF6<0.05,AZ6>0)) | CW6: =IF(U6="","",AND(U6>0,U6>=101000,CG6<0.05,BA6>0)) | CX6: =IF(V6="","",AND(V6>0,V6>=101000,CH6<0.05,BB6>0)) | CY6: =IF(W6="","",AND(W6>0,W6>=101000,CI6<0.05,BC6>0)) | CZ6: =IF(X6="","",AND(X6>0,X6>=101000,CJ6<0.05,BD6>0)) | DA6: =IF(Y6="","",AND(Y6>0,Y6>=101000,CK6<0.05,BE6>0)) | DB6: =IFERROR(MATCH(TRUE,CL6:DA6,0),"") | DC6: =IF(DB6="","",INDEX(J6:Y6,DB6)) | DD6: =IF(DB6="","",INDEX(BF6:BU6,DB6))
A7: 6 | B7: ='月度计算'!C10 | C7: ='月度计算'!D10 | D7: ='月度计算'!B10 | E7: ='月度计算'!E10 | F7: ='月度计算'!F10 | G7: ='月度计算'!AB10 | H7: ='月度计算'!AC10 | I7: =IF(C7=0,"",G7*80%-5000*E7-H7) | J7: =IF(OR($C7=0,$B7="",$D7<>""),"",$B7/(1-(0))) | K7: =IF(OR($C7=0,$B7="",$D7<>""),"",$B7/(1-(21/2020))) | L7: =IF(OR($C7=0,$B7="",$D7<>""),"",($B7-0-$F7+$I7*0.03)/(1-(0)-(0.8)*0.03)) | M7: =IF(OR($C7=0,$B7="",$D7<>""),"",($B7-2520-$F7+$I7*0.1)/(1-(0)-(0.8)*0.1)) | N7: =IF(OR($C7=0,$B7="",$D7<>""),"",($B7-16920-$F7+$I7*0.2)/(1-(0)-(0.8)*0.2)) | O7: =IF(OR($C7=0,$B7="",$D7<>""),"",($B7-31920-$F7+$I7*0.25)/(1-(0)-(0.8)*0.25)) | P7: =IF(OR($C7=0,$B7="",$D7<>""),"",($B7-52920-$F7+$I7*0.3)/(1-(0)-(0.8)*0.3)) | Q7: =IF(OR($C7=0,$B7="",$D7<>""),"",($B7-85920-$F7+$I7*0.35)/(1-(0)-(0.8)*0.35)) | R7: =IF(OR($C7=0,$B7="",$D7<>""),"",($B7-181920-$F7+$I7*0.45)/(1-(0)-(0.8)*0.45)) | S7: =IF(OR($C7=0,$B7="",$D7<>""),"",($B7-0-$F7+$I7*0.03)/(1-(21/2020)-(1599/2020)*0.03)) | T7: =IF(OR($C7=0,$B7="",$D7<>""),"",($B7-2520-$F7+$I7*0.1)/(1-(21/2020)-(1599/2020)*0.1)) | U7: =IF(OR($C7=0,$B7="",$D7<>""),"",($B7-16920-$F7+$I7*0.2)/(1-(21/2020)-(1599/2020)*0.2)) | V7: =IF(OR($C7=0,$B7="",$D7<>""),"",($B7-31920-$F7+$I7*0.25)/(1-(21/2020)-(1599/2020)*0.25)) | W7: =IF(OR($C7=0,$B7="",$D7<>""),"",($B7-52920-$F7+$I7*0.3)/(1-(21/2020)-(1599/2020)*0.3)) | X7: =IF(OR($C7=0,$B7="",$D7<>""),"",($B7-85920-$F7+$I7*0.35)/(1-(21/2020)-(1599/2020)*0.35)) | Y7: =IF(OR($C7=0,$B7="",$D7<>""),"",($B7-181920-$F7+$I7*0.45)/(1-(21/2020)-(1599/2020)*0.45)) | Z7: =IF(J7="","",($G7+J7-(IF(J7/(1+IF(J7<100000,0,1%))<100000,0,J7/(1+IF(J7<100000,0,1%))*1%)))*80%-5000*$E7-($H7+(IF(J7/(1+IF(J7<100000,0,1%))<100000,0,J7/(1+IF(J7<100000,0,1%))*1%*5%)))) | AA7: =IF(K7="","",($G7+K7-(IF(K7/(1+IF(K7<100000,0,1%))<100000,0,K7/(1+IF(K7<100000,0,1%))*1%)))*80%-5000*$E7-($H7+(IF(K7/(1+IF(K7<100000,0,1%))<100000,0,K7/(1+IF(K7<100000,0,1%))*1%*5%)))) | AB7: =IF(L7="","",($G7+L7-(IF(L7/(1+IF(L7<100000,0,1%))<100000,0,L7/(1+IF(L7<100000,0,1%))*1%)))*80%-5000*$E7-($H7+(IF(L7/(1+IF(L7<100000,0,1%))<100000,0,L7/(1+IF(L7<100000,0,1%))*1%*5%)))) | AC7: =IF(M7="","",($G7+M7-(IF(M7/(1+IF(M7<100000,0,1%))<100000,0,M7/(1+IF(M7<100000,0,1%))*1%)))*80%-5000*$E7-($H7+(IF(M7/(1+IF(M7<100000,0,1%))<100000,0,M7/(1+IF(M7<100000,0,1%))*1%*5%)))) | AD7: =IF(N7="","",($G7+N7-(IF(N7/(1+IF(N7<100000,0,1%))<100000,0,N7/(1+IF(N7<100000,0,1%))*1%)))*80%-5000*$E7-($H7+(IF(N7/(1+IF(N7<100000,0,1%))<100000,0,N7/(1+IF(N7<100000,0,1%))*1%*5%)))) | AE7: =IF(O7="","",($G7+O7-(IF(O7/(1+IF(O7<100000,0,1%))<100000,0,O7/(1+IF(O7<100000,0,1%))*1%)))*80%-5000*$E7-($H7+(IF(O7/(1+IF(O7<100000,0,1%))<100000,0,O7/(1+IF(O7<100000,0,1%))*1%*5%)))) | AF7: =IF(P7="","",($G7+P7-(IF(P7/(1+IF(P7<100000,0,1%))<100000,0,P7/(1+IF(P7<100000,0,1%))*1%)))*80%-5000*$E7-($H7+(IF(P7/(1+IF(P7<100000,0,1%))<100000,0,P7/(1+IF(P7<100000,0,1%))*1%*5%)))) | AG7: =IF(Q7="","",($G7+Q7-(IF(Q7/(1+IF(Q7<100000,0,1%))<100000,0,Q7/(1+IF(Q7<100000,0,1%))*1%)))*80%-5000*$E7-($H7+(IF(Q7/(1+IF(Q7<100000,0,1%))<100000,0,Q7/(1+IF(Q7<100000,0,1%))*1%*5%)))) | ... AO7: =IF(Y7="","",($G7+Y7-(IF(Y7/(1+IF(Y7<100000,0,1%))<100000,0,Y7/(1+IF(Y7<100000,0,1%))*1%)))*80%-5000*$E7-($H7+(IF(Y7/(1+IF(Y7<100000,0,1%))<100000,0,Y7/(1+IF(Y7<100000,0,1%))*1%*5%)))) | AP7: =IF(Z7="","",MAX(0,Z7*IF(Z7<=36000,3%,IF(Z7<=144000,10%,IF(Z7<=300000,20%,IF(Z7<=420000,25%,IF(Z7<=660000,30%,IF(Z7<=960000,35%,45%))))))-IF(Z7<=36000,0,IF(Z7<=144000,2520,IF(Z7<=300000,16920,IF(Z7<=420000,31920,IF(Z7<=660000,52920,IF(Z7<=960000,85920,181920))))))-$F7)) | AQ7: =IF(AA7="","",MAX(0,AA7*IF(AA7<=36000,3%,IF(AA7<=144000,10%,IF(AA7<=300000,20%,IF(AA7<=420000,25%,IF(AA7<=660000,30%,IF(AA7<=960000,35%,45%))))))-IF(AA7<=36000,0,IF(AA7<=144000,2520,IF(AA7<=300000,16920,IF(AA7<=420000,31920,IF(AA7<=660000,52920,IF(AA7<=960000,85920,181920))))))-$F7)) | AR7: =IF(AB7="","",MAX(0,AB7*IF(AB7<=36000,3%,IF(AB7<=144000,10%,IF(AB7<=300000,20%,IF(AB7<=420000,25%,IF(AB7<=660000,30%,IF(AB7<=960000,35%,45%))))))-IF(AB7<=36000,0,IF(AB7<=144000,2520,IF(AB7<=300000,16920,IF(AB7<=420000,31920,IF(AB7<=660000,52920,IF(AB7<=960000,85920,181920))))))-$F7)) | AS7: =IF(AC7="","",MAX(0,AC7*IF(AC7<=36000,3%,IF(AC7<=144000,10%,IF(AC7<=300000,20%,IF(AC7<=420000,25%,IF(AC7<=660000,30%,IF(AC7<=960000,35%,45%))))))-IF(AC7<=36000,0,IF(AC7<=144000,2520,IF(AC7<=300000,16920,IF(AC7<=420000,31920,IF(AC7<=660000,52920,IF(AC7<=960000,85920,181920))))))-$F7)) | AT7: =IF(AD7="","",MAX(0,AD7*IF(AD7<=36000,3%,IF(AD7<=144000,10%,IF(AD7<=300000,20%,IF(AD7<=420000,25%,IF(AD7<=660000,30%,IF(AD7<=960000,35%,45%))))))-IF(AD7<=36000,0,IF(AD7<=144000,2520,IF(AD7<=300000,16920,IF(AD7<=420000,31920,IF(AD7<=660000,52920,IF(AD7<=960000,85920,181920))))))-$F7)) | AU7: =IF(AE7="","",MAX(0,AE7*IF(AE7<=36000,3%,IF(AE7<=144000,10%,IF(AE7<=300000,20%,IF(AE7<=420000,25%,IF(AE7<=660000,30%,IF(AE7<=960000,35%,45%))))))-IF(AE7<=36000,0,IF(AE7<=144000,2520,IF(AE7<=300000,16920,IF(AE7<=420000,31920,IF(AE7<=660000,52920,IF(AE7<=960000,85920,181920))))))-$F7)) | AV7: =IF(AF7="","",MAX(0,AF7*IF(AF7<=36000,3%,IF(AF7<=144000,10%,IF(AF7<=300000,20%,IF(AF7<=420000,25%,IF(AF7<=660000,30%,IF(AF7<=960000,35%,45%))))))-IF(AF7<=36000,0,IF(AF7<=144000,2520,IF(AF7<=300000,16920,IF(AF7<=420000,31920,IF(AF7<=660000,52920,IF(AF7<=960000,85920,181920))))))-$F7)) | AW7: =IF(AG7="","",MAX(0,AG7*IF(AG7<=36000,3%,IF(AG7<=144000,10%,IF(AG7<=300000,20%,IF(AG7<=420000,25%,IF(AG7<=660000,30%,IF(AG7<=960000,35%,45%))))))-IF(AG7<=36000,0,IF(AG7<=144000,2520,IF(AG7<=300000,16920,IF(AG7<=420000,31920,IF(AG7<=660000,52920,IF(AG7<=960000,85920,181920))))))-$F7)) | ... BE7: =IF(AO7="","",MAX(0,AO7*IF(AO7<=36000,3%,IF(AO7<=144000,10%,IF(AO7<=300000,20%,IF(AO7<=420000,25%,IF(AO7<=660000,30%,IF(AO7<=960000,35%,45%))))))-IF(AO7<=36000,0,IF(AO7<=144000,2520,IF(AO7<=300000,16920,IF(AO7<=420000,31920,IF(AO7<=660000,52920,IF(AO7<=960000,85920,181920))))))-$F7)) | BF7: =IF(J7="","",J7-(IF(J7/(1+IF(J7<100000,0,1%))<100000,0,J7/(1+IF(J7<100000,0,1%))*1%))-(IF(J7/(1+IF(J7<100000,0,1%))<100000,0,J7/(1+IF(J7<100000,0,1%))*1%*5%))-AP7) | BG7: =IF(K7="","",K7-(IF(K7/(1+IF(K7<100000,0,1%))<100000,0,K7/(1+IF(K7<100000,0,1%))*1%))-(IF(K7/(1+IF(K7<100000,0,1%))<100000,0,K7/(1+IF(K7<100000,0,1%))*1%*5%))-AQ7) | BH7: =IF(L7="","",L7-(IF(L7/(1+IF(L7<100000,0,1%))<100000,0,L7/(1+IF(L7<100000,0,1%))*1%))-(IF(L7/(1+IF(L7<100000,0,1%))<100000,0,L7/(1+IF(L7<100000,0,1%))*1%*5%))-AR7) | BI7: =IF(M7="","",M7-(IF(M7/(1+IF(M7<100000,0,1%))<100000,0,M7/(1+IF(M7<100000,0,1%))*1%))-(IF(M7/(1+IF(M7<100000,0,1%))<100000,0,M7/(1+IF(M7<100000,0,1%))*1%*5%))-AS7) | BJ7: =IF(N7="","",N7-(IF(N7/(1+IF(N7<100000,0,1%))<100000,0,N7/(1+IF(N7<100000,0,1%))*1%))-(IF(N7/(1+IF(N7<100000,0,1%))<100000,0,N7/(1+IF(N7<100000,0,1%))*1%*5%))-AT7) | BK7: =IF(O7="","",O7-(IF(O7/(1+IF(O7<100000,0,1%))<100000,0,O7/(1+IF(O7<100000,0,1%))*1%))-(IF(O7/(1+IF(O7<100000,0,1%))<100000,0,O7/(1+IF(O7<100000,0,1%))*1%*5%))-AU7) | BL7: =IF(P7="","",P7-(IF(P7/(1+IF(P7<100000,0,1%))<100000,0,P7/(1+IF(P7<100000,0,1%))*1%))-(IF(P7/(1+IF(P7<100000,0,1%))<100000,0,P7/(1+IF(P7<100000,0,1%))*1%*5%))-AV7) | BM7: =IF(Q7="","",Q7-(IF(Q7/(1+IF(Q7<100000,0,1%))<100000,0,Q7/(1+IF(Q7<100000,0,1%))*1%))-(IF(Q7/(1+IF(Q7<100000,0,1%))<100000,0,Q7/(1+IF(Q7<100000,0,1%))*1%*5%))-AW7) | ... BU7: =IF(Y7="","",Y7-(IF(Y7/(1+IF(Y7<100000,0,1%))<100000,0,Y7/(1+IF(Y7<100000,0,1%))*1%))-(IF(Y7/(1+IF(Y7<100000,0,1%))<100000,0,Y7/(1+IF(Y7<100000,0,1%))*1%*5%))-BE7) | BV7: =IF(BF7="","",ABS(BF7-$B7)) | BW7: =IF(BG7="","",ABS(BG7-$B7)) | BX7: =IF(BH7="","",ABS(BH7-$B7)) | BY7: =IF(BI7="","",ABS(BI7-$B7)) | BZ7: =IF(BJ7="","",ABS(BJ7-$B7)) | CA7: =IF(BK7="","",ABS(BK7-$B7)) | CB7: =IF(BL7="","",ABS(BL7-$B7)) | CC7: =IF(BM7="","",ABS(BM7-$B7)) | ... CK7: =IF(BU7="","",ABS(BU7-$B7)) | CL7: =IF(J7="","",AND(J7>0,J7<101000,BV7<0.05,AP7=0)) | CM7: =IF(K7="","",AND(K7>0,K7>=101000,BW7<0.05,AQ7=0)) | CN7: =IF(L7="","",AND(L7>0,L7<101000,BX7<0.05,AR7>0)) | CO7: =IF(M7="","",AND(M7>0,M7<101000,BY7<0.05,AS7>0)) | CP7: =IF(N7="","",AND(N7>0,N7<101000,BZ7<0.05,AT7>0)) | CQ7: =IF(O7="","",AND(O7>0,O7<101000,CA7<0.05,AU7>0)) | CR7: =IF(P7="","",AND(P7>0,P7<101000,CB7<0.05,AV7>0)) | CS7: =IF(Q7="","",AND(Q7>0,Q7<101000,CC7<0.05,AW7>0)) | CT7: =IF(R7="","",AND(R7>0,R7<101000,CD7<0.05,AX7>0)) | CU7: =IF(S7="","",AND(S7>0,S7>=101000,CE7<0.05,AY7>0)) | CV7: =IF(T7="","",AND(T7>0,T7>=101000,CF7<0.05,AZ7>0)) | CW7: =IF(U7="","",AND(U7>0,U7>=101000,CG7<0.05,BA7>0)) | CX7: =IF(V7="","",AND(V7>0,V7>=101000,CH7<0.05,BB7>0)) | CY7: =IF(W7="","",AND(W7>0,W7>=101000,CI7<0.05,BC7>0)) | CZ7: =IF(X7="","",AND(X7>0,X7>=101000,CJ7<0.05,BD7>0)) | DA7: =IF(Y7="","",AND(Y7>0,Y7>=101000,CK7<0.05,BE7>0)) | DB7: =IFERROR(MATCH(TRUE,CL7:DA7,0),"") | DC7: =IF(DB7="","",INDEX(J7:Y7,DB7)) | DD7: =IF(DB7="","",INDEX(BF7:BU7,DB7))
A8: 7 | B8: ='月度计算'!C11 | C8: ='月度计算'!D11 | D8: ='月度计算'!B11 | E8: ='月度计算'!E11 | F8: ='月度计算'!F11 | G8: ='月度计算'!AB11 | H8: ='月度计算'!AC11 | I8: =IF(C8=0,"",G8*80%-5000*E8-H8) | J8: =IF(OR($C8=0,$B8="",$D8<>""),"",$B8/(1-(0))) | K8: =IF(OR($C8=0,$B8="",$D8<>""),"",$B8/(1-(21/2020))) | L8: =IF(OR($C8=0,$B8="",$D8<>""),"",($B8-0-$F8+$I8*0.03)/(1-(0)-(0.8)*0.03)) | M8: =IF(OR($C8=0,$B8="",$D8<>""),"",($B8-2520-$F8+$I8*0.1)/(1-(0)-(0.8)*0.1)) | N8: =IF(OR($C8=0,$B8="",$D8<>""),"",($B8-16920-$F8+$I8*0.2)/(1-(0)-(0.8)*0.2)) | O8: =IF(OR($C8=0,$B8="",$D8<>""),"",($B8-31920-$F8+$I8*0.25)/(1-(0)-(0.8)*0.25)) | P8: =IF(OR($C8=0,$B8="",$D8<>""),"",($B8-52920-$F8+$I8*0.3)/(1-(0)-(0.8)*0.3)) | Q8: =IF(OR($C8=0,$B8="",$D8<>""),"",($B8-85920-$F8+$I8*0.35)/(1-(0)-(0.8)*0.35)) | R8: =IF(OR($C8=0,$B8="",$D8<>""),"",($B8-181920-$F8+$I8*0.45)/(1-(0)-(0.8)*0.45)) | S8: =IF(OR($C8=0,$B8="",$D8<>""),"",($B8-0-$F8+$I8*0.03)/(1-(21/2020)-(1599/2020)*0.03)) | T8: =IF(OR($C8=0,$B8="",$D8<>""),"",($B8-2520-$F8+$I8*0.1)/(1-(21/2020)-(1599/2020)*0.1)) | U8: =IF(OR($C8=0,$B8="",$D8<>""),"",($B8-16920-$F8+$I8*0.2)/(1-(21/2020)-(1599/2020)*0.2)) | V8: =IF(OR($C8=0,$B8="",$D8<>""),"",($B8-31920-$F8+$I8*0.25)/(1-(21/2020)-(1599/2020)*0.25)) | W8: =IF(OR($C8=0,$B8="",$D8<>""),"",($B8-52920-$F8+$I8*0.3)/(1-(21/2020)-(1599/2020)*0.3)) | X8: =IF(OR($C8=0,$B8="",$D8<>""),"",($B8-85920-$F8+$I8*0.35)/(1-(21/2020)-(1599/2020)*0.35)) | Y8: =IF(OR($C8=0,$B8="",$D8<>""),"",($B8-181920-$F8+$I8*0.45)/(1-(21/2020)-(1599/2020)*0.45)) | Z8: =IF(J8="","",($G8+J8-(IF(J8/(1+IF(J8<100000,0,1%))<100000,0,J8/(1+IF(J8<100000,0,1%))*1%)))*80%-5000*$E8-($H8+(IF(J8/(1+IF(J8<100000,0,1%))<100000,0,J8/(1+IF(J8<100000,0,1%))*1%*5%)))) | AA8: =IF(K8="","",($G8+K8-(IF(K8/(1+IF(K8<100000,0,1%))<100000,0,K8/(1+IF(K8<100000,0,1%))*1%)))*80%-5000*$E8-($H8+(IF(K8/(1+IF(K8<100000,0,1%))<100000,0,K8/(1+IF(K8<100000,0,1%))*1%*5%)))) | AB8: =IF(L8="","",($G8+L8-(IF(L8/(1+IF(L8<100000,0,1%))<100000,0,L8/(1+IF(L8<100000,0,1%))*1%)))*80%-5000*$E8-($H8+(IF(L8/(1+IF(L8<100000,0,1%))<100000,0,L8/(1+IF(L8<100000,0,1%))*1%*5%)))) | AC8: =IF(M8="","",($G8+M8-(IF(M8/(1+IF(M8<100000,0,1%))<100000,0,M8/(1+IF(M8<100000,0,1%))*1%)))*80%-5000*$E8-($H8+(IF(M8/(1+IF(M8<100000,0,1%))<100000,0,M8/(1+IF(M8<100000,0,1%))*1%*5%)))) | AD8: =IF(N8="","",($G8+N8-(IF(N8/(1+IF(N8<100000,0,1%))<100000,0,N8/(1+IF(N8<100000,0,1%))*1%)))*80%-5000*$E8-($H8+(IF(N8/(1+IF(N8<100000,0,1%))<100000,0,N8/(1+IF(N8<100000,0,1%))*1%*5%)))) | AE8: =IF(O8="","",($G8+O8-(IF(O8/(1+IF(O8<100000,0,1%))<100000,0,O8/(1+IF(O8<100000,0,1%))*1%)))*80%-5000*$E8-($H8+(IF(O8/(1+IF(O8<100000,0,1%))<100000,0,O8/(1+IF(O8<100000,0,1%))*1%*5%)))) | AF8: =IF(P8="","",($G8+P8-(IF(P8/(1+IF(P8<100000,0,1%))<100000,0,P8/(1+IF(P8<100000,0,1%))*1%)))*80%-5000*$E8-($H8+(IF(P8/(1+IF(P8<100000,0,1%))<100000,0,P8/(1+IF(P8<100000,0,1%))*1%*5%)))) | AG8: =IF(Q8="","",($G8+Q8-(IF(Q8/(1+IF(Q8<100000,0,1%))<100000,0,Q8/(1+IF(Q8<100000,0,1%))*1%)))*80%-5000*$E8-($H8+(IF(Q8/(1+IF(Q8<100000,0,1%))<100000,0,Q8/(1+IF(Q8<100000,0,1%))*1%*5%)))) | ... AO8: =IF(Y8="","",($G8+Y8-(IF(Y8/(1+IF(Y8<100000,0,1%))<100000,0,Y8/(1+IF(Y8<100000,0,1%))*1%)))*80%-5000*$E8-($H8+(IF(Y8/(1+IF(Y8<100000,0,1%))<100000,0,Y8/(1+IF(Y8<100000,0,1%))*1%*5%)))) | AP8: =IF(Z8="","",MAX(0,Z8*IF(Z8<=36000,3%,IF(Z8<=144000,10%,IF(Z8<=300000,20%,IF(Z8<=420000,25%,IF(Z8<=660000,30%,IF(Z8<=960000,35%,45%))))))-IF(Z8<=36000,0,IF(Z8<=144000,2520,IF(Z8<=300000,16920,IF(Z8<=420000,31920,IF(Z8<=660000,52920,IF(Z8<=960000,85920,181920))))))-$F8)) | AQ8: =IF(AA8="","",MAX(0,AA8*IF(AA8<=36000,3%,IF(AA8<=144000,10%,IF(AA8<=300000,20%,IF(AA8<=420000,25%,IF(AA8<=660000,30%,IF(AA8<=960000,35%,45%))))))-IF(AA8<=36000,0,IF(AA8<=144000,2520,IF(AA8<=300000,16920,IF(AA8<=420000,31920,IF(AA8<=660000,52920,IF(AA8<=960000,85920,181920))))))-$F8)) | AR8: =IF(AB8="","",MAX(0,AB8*IF(AB8<=36000,3%,IF(AB8<=144000,10%,IF(AB8<=300000,20%,IF(AB8<=420000,25%,IF(AB8<=660000,30%,IF(AB8<=960000,35%,45%))))))-IF(AB8<=36000,0,IF(AB8<=144000,2520,IF(AB8<=300000,16920,IF(AB8<=420000,31920,IF(AB8<=660000,52920,IF(AB8<=960000,85920,181920))))))-$F8)) | AS8: =IF(AC8="","",MAX(0,AC8*IF(AC8<=36000,3%,IF(AC8<=144000,10%,IF(AC8<=300000,20%,IF(AC8<=420000,25%,IF(AC8<=660000,30%,IF(AC8<=960000,35%,45%))))))-IF(AC8<=36000,0,IF(AC8<=144000,2520,IF(AC8<=300000,16920,IF(AC8<=420000,31920,IF(AC8<=660000,52920,IF(AC8<=960000,85920,181920))))))-$F8)) | AT8: =IF(AD8="","",MAX(0,AD8*IF(AD8<=36000,3%,IF(AD8<=144000,10%,IF(AD8<=300000,20%,IF(AD8<=420000,25%,IF(AD8<=660000,30%,IF(AD8<=960000,35%,45%))))))-IF(AD8<=36000,0,IF(AD8<=144000,2520,IF(AD8<=300000,16920,IF(AD8<=420000,31920,IF(AD8<=660000,52920,IF(AD8<=960000,85920,181920))))))-$F8)) | AU8: =IF(AE8="","",MAX(0,AE8*IF(AE8<=36000,3%,IF(AE8<=144000,10%,IF(AE8<=300000,20%,IF(AE8<=420000,25%,IF(AE8<=660000,30%,IF(AE8<=960000,35%,45%))))))-IF(AE8<=36000,0,IF(AE8<=144000,2520,IF(AE8<=300000,16920,IF(AE8<=420000,31920,IF(AE8<=660000,52920,IF(AE8<=960000,85920,181920))))))-$F8)) | AV8: =IF(AF8="","",MAX(0,AF8*IF(AF8<=36000,3%,IF(AF8<=144000,10%,IF(AF8<=300000,20%,IF(AF8<=420000,25%,IF(AF8<=660000,30%,IF(AF8<=960000,35%,45%))))))-IF(AF8<=36000,0,IF(AF8<=144000,2520,IF(AF8<=300000,16920,IF(AF8<=420000,31920,IF(AF8<=660000,52920,IF(AF8<=960000,85920,181920))))))-$F8)) | AW8: =IF(AG8="","",MAX(0,AG8*IF(AG8<=36000,3%,IF(AG8<=144000,10%,IF(AG8<=300000,20%,IF(AG8<=420000,25%,IF(AG8<=660000,30%,IF(AG8<=960000,35%,45%))))))-IF(AG8<=36000,0,IF(AG8<=144000,2520,IF(AG8<=300000,16920,IF(AG8<=420000,31920,IF(AG8<=660000,52920,IF(AG8<=960000,85920,181920))))))-$F8)) | ... BE8: =IF(AO8="","",MAX(0,AO8*IF(AO8<=36000,3%,IF(AO8<=144000,10%,IF(AO8<=300000,20%,IF(AO8<=420000,25%,IF(AO8<=660000,30%,IF(AO8<=960000,35%,45%))))))-IF(AO8<=36000,0,IF(AO8<=144000,2520,IF(AO8<=300000,16920,IF(AO8<=420000,31920,IF(AO8<=660000,52920,IF(AO8<=960000,85920,181920))))))-$F8)) | BF8: =IF(J8="","",J8-(IF(J8/(1+IF(J8<100000,0,1%))<100000,0,J8/(1+IF(J8<100000,0,1%))*1%))-(IF(J8/(1+IF(J8<100000,0,1%))<100000,0,J8/(1+IF(J8<100000,0,1%))*1%*5%))-AP8) | BG8: =IF(K8="","",K8-(IF(K8/(1+IF(K8<100000,0,1%))<100000,0,K8/(1+IF(K8<100000,0,1%))*1%))-(IF(K8/(1+IF(K8<100000,0,1%))<100000,0,K8/(1+IF(K8<100000,0,1%))*1%*5%))-AQ8) | BH8: =IF(L8="","",L8-(IF(L8/(1+IF(L8<100000,0,1%))<100000,0,L8/(1+IF(L8<100000,0,1%))*1%))-(IF(L8/(1+IF(L8<100000,0,1%))<100000,0,L8/(1+IF(L8<100000,0,1%))*1%*5%))-AR8) | BI8: =IF(M8="","",M8-(IF(M8/(1+IF(M8<100000,0,1%))<100000,0,M8/(1+IF(M8<100000,0,1%))*1%))-(IF(M8/(1+IF(M8<100000,0,1%))<100000,0,M8/(1+IF(M8<100000,0,1%))*1%*5%))-AS8) | BJ8: =IF(N8="","",N8-(IF(N8/(1+IF(N8<100000,0,1%))<100000,0,N8/(1+IF(N8<100000,0,1%))*1%))-(IF(N8/(1+IF(N8<100000,0,1%))<100000,0,N8/(1+IF(N8<100000,0,1%))*1%*5%))-AT8) | BK8: =IF(O8="","",O8-(IF(O8/(1+IF(O8<100000,0,1%))<100000,0,O8/(1+IF(O8<100000,0,1%))*1%))-(IF(O8/(1+IF(O8<100000,0,1%))<100000,0,O8/(1+IF(O8<100000,0,1%))*1%*5%))-AU8) | BL8: =IF(P8="","",P8-(IF(P8/(1+IF(P8<100000,0,1%))<100000,0,P8/(1+IF(P8<100000,0,1%))*1%))-(IF(P8/(1+IF(P8<100000,0,1%))<100000,0,P8/(1+IF(P8<100000,0,1%))*1%*5%))-AV8) | BM8: =IF(Q8="","",Q8-(IF(Q8/(1+IF(Q8<100000,0,1%))<100000,0,Q8/(1+IF(Q8<100000,0,1%))*1%))-(IF(Q8/(1+IF(Q8<100000,0,1%))<100000,0,Q8/(1+IF(Q8<100000,0,1%))*1%*5%))-AW8) | ... BU8: =IF(Y8="","",Y8-(IF(Y8/(1+IF(Y8<100000,0,1%))<100000,0,Y8/(1+IF(Y8<100000,0,1%))*1%))-(IF(Y8/(1+IF(Y8<100000,0,1%))<100000,0,Y8/(1+IF(Y8<100000,0,1%))*1%*5%))-BE8) | BV8: =IF(BF8="","",ABS(BF8-$B8)) | BW8: =IF(BG8="","",ABS(BG8-$B8)) | BX8: =IF(BH8="","",ABS(BH8-$B8)) | BY8: =IF(BI8="","",ABS(BI8-$B8)) | BZ8: =IF(BJ8="","",ABS(BJ8-$B8)) | CA8: =IF(BK8="","",ABS(BK8-$B8)) | CB8: =IF(BL8="","",ABS(BL8-$B8)) | CC8: =IF(BM8="","",ABS(BM8-$B8)) | ... CK8: =IF(BU8="","",ABS(BU8-$B8)) | CL8: =IF(J8="","",AND(J8>0,J8<101000,BV8<0.05,AP8=0)) | CM8: =IF(K8="","",AND(K8>0,K8>=101000,BW8<0.05,AQ8=0)) | CN8: =IF(L8="","",AND(L8>0,L8<101000,BX8<0.05,AR8>0)) | CO8: =IF(M8="","",AND(M8>0,M8<101000,BY8<0.05,AS8>0)) | CP8: =IF(N8="","",AND(N8>0,N8<101000,BZ8<0.05,AT8>0)) | CQ8: =IF(O8="","",AND(O8>0,O8<101000,CA8<0.05,AU8>0)) | CR8: =IF(P8="","",AND(P8>0,P8<101000,CB8<0.05,AV8>0)) | CS8: =IF(Q8="","",AND(Q8>0,Q8<101000,CC8<0.05,AW8>0)) | CT8: =IF(R8="","",AND(R8>0,R8<101000,CD8<0.05,AX8>0)) | CU8: =IF(S8="","",AND(S8>0,S8>=101000,CE8<0.05,AY8>0)) | CV8: =IF(T8="","",AND(T8>0,T8>=101000,CF8<0.05,AZ8>0)) | CW8: =IF(U8="","",AND(U8>0,U8>=101000,CG8<0.05,BA8>0)) | CX8: =IF(V8="","",AND(V8>0,V8>=101000,CH8<0.05,BB8>0)) | CY8: =IF(W8="","",AND(W8>0,W8>=101000,CI8<0.05,BC8>0)) | CZ8: =IF(X8="","",AND(X8>0,X8>=101000,CJ8<0.05,BD8>0)) | DA8: =IF(Y8="","",AND(Y8>0,Y8>=101000,CK8<0.05,BE8>0)) | DB8: =IFERROR(MATCH(TRUE,CL8:DA8,0),"") | DC8: =IF(DB8="","",INDEX(J8:Y8,DB8)) | DD8: =IF(DB8="","",INDEX(BF8:BU8,DB8))
A9: 8 | B9: ='月度计算'!C12 | C9: ='月度计算'!D12 | D9: ='月度计算'!B12 | E9: ='月度计算'!E12 | F9: ='月度计算'!F12 | G9: ='月度计算'!AB12 | H9: ='月度计算'!AC12 | I9: =IF(C9=0,"",G9*80%-5000*E9-H9) | J9: =IF(OR($C9=0,$B9="",$D9<>""),"",$B9/(1-(0))) | K9: =IF(OR($C9=0,$B9="",$D9<>""),"",$B9/(1-(21/2020))) | L9: =IF(OR($C9=0,$B9="",$D9<>""),"",($B9-0-$F9+$I9*0.03)/(1-(0)-(0.8)*0.03)) | M9: =IF(OR($C9=0,$B9="",$D9<>""),"",($B9-2520-$F9+$I9*0.1)/(1-(0)-(0.8)*0.1)) | N9: =IF(OR($C9=0,$B9="",$D9<>""),"",($B9-16920-$F9+$I9*0.2)/(1-(0)-(0.8)*0.2)) | O9: =IF(OR($C9=0,$B9="",$D9<>""),"",($B9-31920-$F9+$I9*0.25)/(1-(0)-(0.8)*0.25)) | P9: =IF(OR($C9=0,$B9="",$D9<>""),"",($B9-52920-$F9+$I9*0.3)/(1-(0)-(0.8)*0.3)) | Q9: =IF(OR($C9=0,$B9="",$D9<>""),"",($B9-85920-$F9+$I9*0.35)/(1-(0)-(0.8)*0.35)) | R9: =IF(OR($C9=0,$B9="",$D9<>""),"",($B9-181920-$F9+$I9*0.45)/(1-(0)-(0.8)*0.45)) | S9: =IF(OR($C9=0,$B9="",$D9<>""),"",($B9-0-$F9+$I9*0.03)/(1-(21/2020)-(1599/2020)*0.03)) | T9: =IF(OR($C9=0,$B9="",$D9<>""),"",($B9-2520-$F9+$I9*0.1)/(1-(21/2020)-(1599/2020)*0.1)) | U9: =IF(OR($C9=0,$B9="",$D9<>""),"",($B9-16920-$F9+$I9*0.2)/(1-(21/2020)-(1599/2020)*0.2)) | V9: =IF(OR($C9=0,$B9="",$D9<>""),"",($B9-31920-$F9+$I9*0.25)/(1-(21/2020)-(1599/2020)*0.25)) | W9: =IF(OR($C9=0,$B9="",$D9<>""),"",($B9-52920-$F9+$I9*0.3)/(1-(21/2020)-(1599/2020)*0.3)) | X9: =IF(OR($C9=0,$B9="",$D9<>""),"",($B9-85920-$F9+$I9*0.35)/(1-(21/2020)-(1599/2020)*0.35)) | Y9: =IF(OR($C9=0,$B9="",$D9<>""),"",($B9-181920-$F9+$I9*0.45)/(1-(21/2020)-(1599/2020)*0.45)) | Z9: =IF(J9="","",($G9+J9-(IF(J9/(1+IF(J9<100000,0,1%))<100000,0,J9/(1+IF(J9<100000,0,1%))*1%)))*80%-5000*$E9-($H9+(IF(J9/(1+IF(J9<100000,0,1%))<100000,0,J9/(1+IF(J9<100000,0,1%))*1%*5%)))) | AA9: =IF(K9="","",($G9+K9-(IF(K9/(1+IF(K9<100000,0,1%))<100000,0,K9/(1+IF(K9<100000,0,1%))*1%)))*80%-5000*$E9-($H9+(IF(K9/(1+IF(K9<100000,0,1%))<100000,0,K9/(1+IF(K9<100000,0,1%))*1%*5%)))) | AB9: =IF(L9="","",($G9+L9-(IF(L9/(1+IF(L9<100000,0,1%))<100000,0,L9/(1+IF(L9<100000,0,1%))*1%)))*80%-5000*$E9-($H9+(IF(L9/(1+IF(L9<100000,0,1%))<100000,0,L9/(1+IF(L9<100000,0,1%))*1%*5%)))) | AC9: =IF(M9="","",($G9+M9-(IF(M9/(1+IF(M9<100000,0,1%))<100000,0,M9/(1+IF(M9<100000,0,1%))*1%)))*80%-5000*$E9-($H9+(IF(M9/(1+IF(M9<100000,0,1%))<100000,0,M9/(1+IF(M9<100000,0,1%))*1%*5%)))) | AD9: =IF(N9="","",($G9+N9-(IF(N9/(1+IF(N9<100000,0,1%))<100000,0,N9/(1+IF(N9<100000,0,1%))*1%)))*80%-5000*$E9-($H9+(IF(N9/(1+IF(N9<100000,0,1%))<100000,0,N9/(1+IF(N9<100000,0,1%))*1%*5%)))) | AE9: =IF(O9="","",($G9+O9-(IF(O9/(1+IF(O9<100000,0,1%))<100000,0,O9/(1+IF(O9<100000,0,1%))*1%)))*80%-5000*$E9-($H9+(IF(O9/(1+IF(O9<100000,0,1%))<100000,0,O9/(1+IF(O9<100000,0,1%))*1%*5%)))) | AF9: =IF(P9="","",($G9+P9-(IF(P9/(1+IF(P9<100000,0,1%))<100000,0,P9/(1+IF(P9<100000,0,1%))*1%)))*80%-5000*$E9-($H9+(IF(P9/(1+IF(P9<100000,0,1%))<100000,0,P9/(1+IF(P9<100000,0,1%))*1%*5%)))) | AG9: =IF(Q9="","",($G9+Q9-(IF(Q9/(1+IF(Q9<100000,0,1%))<100000,0,Q9/(1+IF(Q9<100000,0,1%))*1%)))*80%-5000*$E9-($H9+(IF(Q9/(1+IF(Q9<100000,0,1%))<100000,0,Q9/(1+IF(Q9<100000,0,1%))*1%*5%)))) | ... AO9: =IF(Y9="","",($G9+Y9-(IF(Y9/(1+IF(Y9<100000,0,1%))<100000,0,Y9/(1+IF(Y9<100000,0,1%))*1%)))*80%-5000*$E9-($H9+(IF(Y9/(1+IF(Y9<100000,0,1%))<100000,0,Y9/(1+IF(Y9<100000,0,1%))*1%*5%)))) | AP9: =IF(Z9="","",MAX(0,Z9*IF(Z9<=36000,3%,IF(Z9<=144000,10%,IF(Z9<=300000,20%,IF(Z9<=420000,25%,IF(Z9<=660000,30%,IF(Z9<=960000,35%,45%))))))-IF(Z9<=36000,0,IF(Z9<=144000,2520,IF(Z9<=300000,16920,IF(Z9<=420000,31920,IF(Z9<=660000,52920,IF(Z9<=960000,85920,181920))))))-$F9)) | AQ9: =IF(AA9="","",MAX(0,AA9*IF(AA9<=36000,3%,IF(AA9<=144000,10%,IF(AA9<=300000,20%,IF(AA9<=420000,25%,IF(AA9<=660000,30%,IF(AA9<=960000,35%,45%))))))-IF(AA9<=36000,0,IF(AA9<=144000,2520,IF(AA9<=300000,16920,IF(AA9<=420000,31920,IF(AA9<=660000,52920,IF(AA9<=960000,85920,181920))))))-$F9)) | AR9: =IF(AB9="","",MAX(0,AB9*IF(AB9<=36000,3%,IF(AB9<=144000,10%,IF(AB9<=300000,20%,IF(AB9<=420000,25%,IF(AB9<=660000,30%,IF(AB9<=960000,35%,45%))))))-IF(AB9<=36000,0,IF(AB9<=144000,2520,IF(AB9<=300000,16920,IF(AB9<=420000,31920,IF(AB9<=660000,52920,IF(AB9<=960000,85920,181920))))))-$F9)) | AS9: =IF(AC9="","",MAX(0,AC9*IF(AC9<=36000,3%,IF(AC9<=144000,10%,IF(AC9<=300000,20%,IF(AC9<=420000,25%,IF(AC9<=660000,30%,IF(AC9<=960000,35%,45%))))))-IF(AC9<=36000,0,IF(AC9<=144000,2520,IF(AC9<=300000,16920,IF(AC9<=420000,31920,IF(AC9<=660000,52920,IF(AC9<=960000,85920,181920))))))-$F9)) | AT9: =IF(AD9="","",MAX(0,AD9*IF(AD9<=36000,3%,IF(AD9<=144000,10%,IF(AD9<=300000,20%,IF(AD9<=420000,25%,IF(AD9<=660000,30%,IF(AD9<=960000,35%,45%))))))-IF(AD9<=36000,0,IF(AD9<=144000,2520,IF(AD9<=300000,16920,IF(AD9<=420000,31920,IF(AD9<=660000,52920,IF(AD9<=960000,85920,181920))))))-$F9)) | AU9: =IF(AE9="","",MAX(0,AE9*IF(AE9<=36000,3%,IF(AE9<=144000,10%,IF(AE9<=300000,20%,IF(AE9<=420000,25%,IF(AE9<=660000,30%,IF(AE9<=960000,35%,45%))))))-IF(AE9<=36000,0,IF(AE9<=144000,2520,IF(AE9<=300000,16920,IF(AE9<=420000,31920,IF(AE9<=660000,52920,IF(AE9<=960000,85920,181920))))))-$F9)) | AV9: =IF(AF9="","",MAX(0,AF9*IF(AF9<=36000,3%,IF(AF9<=144000,10%,IF(AF9<=300000,20%,IF(AF9<=420000,25%,IF(AF9<=660000,30%,IF(AF9<=960000,35%,45%))))))-IF(AF9<=36000,0,IF(AF9<=144000,2520,IF(AF9<=300000,16920,IF(AF9<=420000,31920,IF(AF9<=660000,52920,IF(AF9<=960000,85920,181920))))))-$F9)) | AW9: =IF(AG9="","",MAX(0,AG9*IF(AG9<=36000,3%,IF(AG9<=144000,10%,IF(AG9<=300000,20%,IF(AG9<=420000,25%,IF(AG9<=660000,30%,IF(AG9<=960000,35%,45%))))))-IF(AG9<=36000,0,IF(AG9<=144000,2520,IF(AG9<=300000,16920,IF(AG9<=420000,31920,IF(AG9<=660000,52920,IF(AG9<=960000,85920,181920))))))-$F9)) | ... BE9: =IF(AO9="","",MAX(0,AO9*IF(AO9<=36000,3%,IF(AO9<=144000,10%,IF(AO9<=300000,20%,IF(AO9<=420000,25%,IF(AO9<=660000,30%,IF(AO9<=960000,35%,45%))))))-IF(AO9<=36000,0,IF(AO9<=144000,2520,IF(AO9<=300000,16920,IF(AO9<=420000,31920,IF(AO9<=660000,52920,IF(AO9<=960000,85920,181920))))))-$F9)) | BF9: =IF(J9="","",J9-(IF(J9/(1+IF(J9<100000,0,1%))<100000,0,J9/(1+IF(J9<100000,0,1%))*1%))-(IF(J9/(1+IF(J9<100000,0,1%))<100000,0,J9/(1+IF(J9<100000,0,1%))*1%*5%))-AP9) | BG9: =IF(K9="","",K9-(IF(K9/(1+IF(K9<100000,0,1%))<100000,0,K9/(1+IF(K9<100000,0,1%))*1%))-(IF(K9/(1+IF(K9<100000,0,1%))<100000,0,K9/(1+IF(K9<100000,0,1%))*1%*5%))-AQ9) | BH9: =IF(L9="","",L9-(IF(L9/(1+IF(L9<100000,0,1%))<100000,0,L9/(1+IF(L9<100000,0,1%))*1%))-(IF(L9/(1+IF(L9<100000,0,1%))<100000,0,L9/(1+IF(L9<100000,0,1%))*1%*5%))-AR9) | BI9: =IF(M9="","",M9-(IF(M9/(1+IF(M9<100000,0,1%))<100000,0,M9/(1+IF(M9<100000,0,1%))*1%))-(IF(M9/(1+IF(M9<100000,0,1%))<100000,0,M9/(1+IF(M9<100000,0,1%))*1%*5%))-AS9) | BJ9: =IF(N9="","",N9-(IF(N9/(1+IF(N9<100000,0,1%))<100000,0,N9/(1+IF(N9<100000,0,1%))*1%))-(IF(N9/(1+IF(N9<100000,0,1%))<100000,0,N9/(1+IF(N9<100000,0,1%))*1%*5%))-AT9) | BK9: =IF(O9="","",O9-(IF(O9/(1+IF(O9<100000,0,1%))<100000,0,O9/(1+IF(O9<100000,0,1%))*1%))-(IF(O9/(1+IF(O9<100000,0,1%))<100000,0,O9/(1+IF(O9<100000,0,1%))*1%*5%))-AU9) | BL9: =IF(P9="","",P9-(IF(P9/(1+IF(P9<100000,0,1%))<100000,0,P9/(1+IF(P9<100000,0,1%))*1%))-(IF(P9/(1+IF(P9<100000,0,1%))<100000,0,P9/(1+IF(P9<100000,0,1%))*1%*5%))-AV9) | BM9: =IF(Q9="","",Q9-(IF(Q9/(1+IF(Q9<100000,0,1%))<100000,0,Q9/(1+IF(Q9<100000,0,1%))*1%))-(IF(Q9/(1+IF(Q9<100000,0,1%))<100000,0,Q9/(1+IF(Q9<100000,0,1%))*1%*5%))-AW9) | ... BU9: =IF(Y9="","",Y9-(IF(Y9/(1+IF(Y9<100000,0,1%))<100000,0,Y9/(1+IF(Y9<100000,0,1%))*1%))-(IF(Y9/(1+IF(Y9<100000,0,1%))<100000,0,Y9/(1+IF(Y9<100000,0,1%))*1%*5%))-BE9) | BV9: =IF(BF9="","",ABS(BF9-$B9)) | BW9: =IF(BG9="","",ABS(BG9-$B9)) | BX9: =IF(BH9="","",ABS(BH9-$B9)) | BY9: =IF(BI9="","",ABS(BI9-$B9)) | BZ9: =IF(BJ9="","",ABS(BJ9-$B9)) | CA9: =IF(BK9="","",ABS(BK9-$B9)) | CB9: =IF(BL9="","",ABS(BL9-$B9)) | CC9: =IF(BM9="","",ABS(BM9-$B9)) | ... CK9: =IF(BU9="","",ABS(BU9-$B9)) | CL9: =IF(J9="","",AND(J9>0,J9<101000,BV9<0.05,AP9=0)) | CM9: =IF(K9="","",AND(K9>0,K9>=101000,BW9<0.05,AQ9=0)) | CN9: =IF(L9="","",AND(L9>0,L9<101000,BX9<0.05,AR9>0)) | CO9: =IF(M9="","",AND(M9>0,M9<101000,BY9<0.05,AS9>0)) | CP9: =IF(N9="","",AND(N9>0,N9<101000,BZ9<0.05,AT9>0)) | CQ9: =IF(O9="","",AND(O9>0,O9<101000,CA9<0.05,AU9>0)) | CR9: =IF(P9="","",AND(P9>0,P9<101000,CB9<0.05,AV9>0)) | CS9: =IF(Q9="","",AND(Q9>0,Q9<101000,CC9<0.05,AW9>0)) | CT9: =IF(R9="","",AND(R9>0,R9<101000,CD9<0.05,AX9>0)) | CU9: =IF(S9="","",AND(S9>0,S9>=101000,CE9<0.05,AY9>0)) | CV9: =IF(T9="","",AND(T9>0,T9>=101000,CF9<0.05,AZ9>0)) | CW9: =IF(U9="","",AND(U9>0,U9>=101000,CG9<0.05,BA9>0)) | CX9: =IF(V9="","",AND(V9>0,V9>=101000,CH9<0.05,BB9>0)) | CY9: =IF(W9="","",AND(W9>0,W9>=101000,CI9<0.05,BC9>0)) | CZ9: =IF(X9="","",AND(X9>0,X9>=101000,CJ9<0.05,BD9>0)) | DA9: =IF(Y9="","",AND(Y9>0,Y9>=101000,CK9<0.05,BE9>0)) | DB9: =IFERROR(MATCH(TRUE,CL9:DA9,0),"") | DC9: =IF(DB9="","",INDEX(J9:Y9,DB9)) | DD9: =IF(DB9="","",INDEX(BF9:BU9,DB9))
A10: 9 | B10: ='月度计算'!C13 | C10: ='月度计算'!D13 | D10: ='月度计算'!B13 | E10: ='月度计算'!E13 | F10: ='月度计算'!F13 | G10: ='月度计算'!AB13 | H10: ='月度计算'!AC13 | I10: =IF(C10=0,"",G10*80%-5000*E10-H10) | J10: =IF(OR($C10=0,$B10="",$D10<>""),"",$B10/(1-(0))) | K10: =IF(OR($C10=0,$B10="",$D10<>""),"",$B10/(1-(21/2020))) | L10: =IF(OR($C10=0,$B10="",$D10<>""),"",($B10-0-$F10+$I10*0.03)/(1-(0)-(0.8)*0.03)) | M10: =IF(OR($C10=0,$B10="",$D10<>""),"",($B10-2520-$F10+$I10*0.1)/(1-(0)-(0.8)*0.1)) | N10: =IF(OR($C10=0,$B10="",$D10<>""),"",($B10-16920-$F10+$I10*0.2)/(1-(0)-(0.8)*0.2)) | O10: =IF(OR($C10=0,$B10="",$D10<>""),"",($B10-31920-$F10+$I10*0.25)/(1-(0)-(0.8)*0.25)) | P10: =IF(OR($C10=0,$B10="",$D10<>""),"",($B10-52920-$F10+$I10*0.3)/(1-(0)-(0.8)*0.3)) | Q10: =IF(OR($C10=0,$B10="",$D10<>""),"",($B10-85920-$F10+$I10*0.35)/(1-(0)-(0.8)*0.35)) | R10: =IF(OR($C10=0,$B10="",$D10<>""),"",($B10-181920-$F10+$I10*0.45)/(1-(0)-(0.8)*0.45)) | S10: =IF(OR($C10=0,$B10="",$D10<>""),"",($B10-0-$F10+$I10*0.03)/(1-(21/2020)-(1599/2020)*0.03)) | T10: =IF(OR($C10=0,$B10="",$D10<>""),"",($B10-2520-$F10+$I10*0.1)/(1-(21/2020)-(1599/2020)*0.1)) | U10: =IF(OR($C10=0,$B10="",$D10<>""),"",($B10-16920-$F10+$I10*0.2)/(1-(21/2020)-(1599/2020)*0.2)) | V10: =IF(OR($C10=0,$B10="",$D10<>""),"",($B10-31920-$F10+$I10*0.25)/(1-(21/2020)-(1599/2020)*0.25)) | W10: =IF(OR($C10=0,$B10="",$D10<>""),"",($B10-52920-$F10+$I10*0.3)/(1-(21/2020)-(1599/2020)*0.3)) | X10: =IF(OR($C10=0,$B10="",$D10<>""),"",($B10-85920-$F10+$I10*0.35)/(1-(21/2020)-(1599/2020)*0.35)) | Y10: =IF(OR($C10=0,$B10="",$D10<>""),"",($B10-181920-$F10+$I10*0.45)/(1-(21/2020)-(1599/2020)*0.45)) | Z10: =IF(J10="","",($G10+J10-(IF(J10/(1+IF(J10<100000,0,1%))<100000,0,J10/(1+IF(J10<100000,0,1%))*1%)))*80%-5000*$E10-($H10+(IF(J10/(1+IF(J10<100000,0,1%))<100000,0,J10/(1+IF(J10<100000,0,1%))*1%*5%)))) | AA10: =IF(K10="","",($G10+K10-(IF(K10/(1+IF(K10<100000,0,1%))<100000,0,K10/(1+IF(K10<100000,0,1%))*1%)))*80%-5000*$E10-($H10+(IF(K10/(1+IF(K10<100000,0,1%))<100000,0,K10/(1+IF(K10<100000,0,1%))*1%*5%)))) | AB10: =IF(L10="","",($G10+L10-(IF(L10/(1+IF(L10<100000,0,1%))<100000,0,L10/(1+IF(L10<100000,0,1%))*1%)))*80%-5000*$E10-($H10+(IF(L10/(1+IF(L10<100000,0,1%))<100000,0,L10/(1+IF(L10<100000,0,1%))*1%*5%)))) | AC10: =IF(M10="","",($G10+M10-(IF(M10/(1+IF(M10<100000,0,1%))<100000,0,M10/(1+IF(M10<100000,0,1%))*1%)))*80%-5000*$E10-($H10+(IF(M10/(1+IF(M10<100000,0,1%))<100000,0,M10/(1+IF(M10<100000,0,1%))*1%*5%)))) | AD10: =IF(N10="","",($G10+N10-(IF(N10/(1+IF(N10<100000,0,1%))<100000,0,N10/(1+IF(N10<100000,0,1%))*1%)))*80%-5000*$E10-($H10+(IF(N10/(1+IF(N10<100000,0,1%))<100000,0,N10/(1+IF(N10<100000,0,1%))*1%*5%)))) | AE10: =IF(O10="","",($G10+O10-(IF(O10/(1+IF(O10<100000,0,1%))<100000,0,O10/(1+IF(O10<100000,0,1%))*1%)))*80%-5000*$E10-($H10+(IF(O10/(1+IF(O10<100000,0,1%))<100000,0,O10/(1+IF(O10<100000,0,1%))*1%*5%)))) | AF10: =IF(P10="","",($G10+P10-(IF(P10/(1+IF(P10<100000,0,1%))<100000,0,P10/(1+IF(P10<100000,0,1%))*1%)))*80%-5000*$E10-($H10+(IF(P10/(1+IF(P10<100000,0,1%))<100000,0,P10/(1+IF(P10<100000,0,1%))*1%*5%)))) | AG10: =IF(Q10="","",($G10+Q10-(IF(Q10/(1+IF(Q10<100000,0,1%))<100000,0,Q10/(1+IF(Q10<100000,0,1%))*1%)))*80%-5000*$E10-($H10+(IF(Q10/(1+IF(Q10<100000,0,1%))<100000,0,Q10/(1+IF(Q10<100000,0,1%))*1%*5%)))) | ... AO10: =IF(Y10="","",($G10+Y10-(IF(Y10/(1+IF(Y10<100000,0,1%))<100000,0,Y10/(1+IF(Y10<100000,0,1%))*1%)))*80%-5000*$E10-($H10+(IF(Y10/(1+IF(Y10<100000,0,1%))<100000,0,Y10/(1+IF(Y10<100000,0,1%))*1%*5%)))) | AP10: =IF(Z10="","",MAX(0,Z10*IF(Z10<=36000,3%,IF(Z10<=144000,10%,IF(Z10<=300000,20%,IF(Z10<=420000,25%,IF(Z10<=660000,30%,IF(Z10<=960000,35%,45%))))))-IF(Z10<=36000,0,IF(Z10<=144000,2520,IF(Z10<=300000,16920,IF(Z10<=420000,31920,IF(Z10<=660000,52920,IF(Z10<=960000,85920,181920))))))-$F10)) | AQ10: =IF(AA10="","",MAX(0,AA10*IF(AA10<=36000,3%,IF(AA10<=144000,10%,IF(AA10<=300000,20%,IF(AA10<=420000,25%,IF(AA10<=660000,30%,IF(AA10<=960000,35%,45%))))))-IF(AA10<=36000,0,IF(AA10<=144000,2520,IF(AA10<=300000,16920,IF(AA10<=420000,31920,IF(AA10<=660000,52920,IF(AA10<=960000,85920,181920))))))-$F10)) | AR10: =IF(AB10="","",MAX(0,AB10*IF(AB10<=36000,3%,IF(AB10<=144000,10%,IF(AB10<=300000,20%,IF(AB10<=420000,25%,IF(AB10<=660000,30%,IF(AB10<=960000,35%,45%))))))-IF(AB10<=36000,0,IF(AB10<=144000,2520,IF(AB10<=300000,16920,IF(AB10<=420000,31920,IF(AB10<=660000,52920,IF(AB10<=960000,85920,181920))))))-$F10)) | AS10: =IF(AC10="","",MAX(0,AC10*IF(AC10<=36000,3%,IF(AC10<=144000,10%,IF(AC10<=300000,20%,IF(AC10<=420000,25%,IF(AC10<=660000,30%,IF(AC10<=960000,35%,45%))))))-IF(AC10<=36000,0,IF(AC10<=144000,2520,IF(AC10<=300000,16920,IF(AC10<=420000,31920,IF(AC10<=660000,52920,IF(AC10<=960000,85920,181920))))))-$F10)) | AT10: =IF(AD10="","",MAX(0,AD10*IF(AD10<=36000,3%,IF(AD10<=144000,10%,IF(AD10<=300000,20%,IF(AD10<=420000,25%,IF(AD10<=660000,30%,IF(AD10<=960000,35%,45%))))))-IF(AD10<=36000,0,IF(AD10<=144000,2520,IF(AD10<=300000,16920,IF(AD10<=420000,31920,IF(AD10<=660000,52920,IF(AD10<=960000,85920,181920))))))-$F10)) | AU10: =IF(AE10="","",MAX(0,AE10*IF(AE10<=36000,3%,IF(AE10<=144000,10%,IF(AE10<=300000,20%,IF(AE10<=420000,25%,IF(AE10<=660000,30%,IF(AE10<=960000,35%,45%))))))-IF(AE10<=36000,0,IF(AE10<=144000,2520,IF(AE10<=300000,16920,IF(AE10<=420000,31920,IF(AE10<=660000,52920,IF(AE10<=960000,85920,181920))))))-$F10)) | AV10: =IF(AF10="","",MAX(0,AF10*IF(AF10<=36000,3%,IF(AF10<=144000,10%,IF(AF10<=300000,20%,IF(AF10<=420000,25%,IF(AF10<=660000,30%,IF(AF10<=960000,35%,45%))))))-IF(AF10<=36000,0,IF(AF10<=144000,2520,IF(AF10<=300000,16920,IF(AF10<=420000,31920,IF(AF10<=660000,52920,IF(AF10<=960000,85920,181920))))))-$F10)) | AW10: =IF(AG10="","",MAX(0,AG10*IF(AG10<=36000,3%,IF(AG10<=144000,10%,IF(AG10<=300000,20%,IF(AG10<=420000,25%,IF(AG10<=660000,30%,IF(AG10<=960000,35%,45%))))))-IF(AG10<=36000,0,IF(AG10<=144000,2520,IF(AG10<=300000,16920,IF(AG10<=420000,31920,IF(AG10<=660000,52920,IF(AG10<=960000,85920,181920))))))-$F10)) | ... BE10: =IF(AO10="","",MAX(0,AO10*IF(AO10<=36000,3%,IF(AO10<=144000,10%,IF(AO10<=300000,20%,IF(AO10<=420000,25%,IF(AO10<=660000,30%,IF(AO10<=960000,35%,45%))))))-IF(AO10<=36000,0,IF(AO10<=144000,2520,IF(AO10<=300000,16920,IF(AO10<=420000,31920,IF(AO10<=660000,52920,IF(AO10<=960000,85920,181920))))))-$F10)) | BF10: =IF(J10="","",J10-(IF(J10/(1+IF(J10<100000,0,1%))<100000,0,J10/(1+IF(J10<100000,0,1%))*1%))-(IF(J10/(1+IF(J10<100000,0,1%))<100000,0,J10/(1+IF(J10<100000,0,1%))*1%*5%))-AP10) | BG10: =IF(K10="","",K10-(IF(K10/(1+IF(K10<100000,0,1%))<100000,0,K10/(1+IF(K10<100000,0,1%))*1%))-(IF(K10/(1+IF(K10<100000,0,1%))<100000,0,K10/(1+IF(K10<100000,0,1%))*1%*5%))-AQ10) | BH10: =IF(L10="","",L10-(IF(L10/(1+IF(L10<100000,0,1%))<100000,0,L10/(1+IF(L10<100000,0,1%))*1%))-(IF(L10/(1+IF(L10<100000,0,1%))<100000,0,L10/(1+IF(L10<100000,0,1%))*1%*5%))-AR10) | BI10: =IF(M10="","",M10-(IF(M10/(1+IF(M10<100000,0,1%))<100000,0,M10/(1+IF(M10<100000,0,1%))*1%))-(IF(M10/(1+IF(M10<100000,0,1%))<100000,0,M10/(1+IF(M10<100000,0,1%))*1%*5%))-AS10) | BJ10: =IF(N10="","",N10-(IF(N10/(1+IF(N10<100000,0,1%))<100000,0,N10/(1+IF(N10<100000,0,1%))*1%))-(IF(N10/(1+IF(N10<100000,0,1%))<100000,0,N10/(1+IF(N10<100000,0,1%))*1%*5%))-AT10) | BK10: =IF(O10="","",O10-(IF(O10/(1+IF(O10<100000,0,1%))<100000,0,O10/(1+IF(O10<100000,0,1%))*1%))-(IF(O10/(1+IF(O10<100000,0,1%))<100000,0,O10/(1+IF(O10<100000,0,1%))*1%*5%))-AU10) | BL10: =IF(P10="","",P10-(IF(P10/(1+IF(P10<100000,0,1%))<100000,0,P10/(1+IF(P10<100000,0,1%))*1%))-(IF(P10/(1+IF(P10<100000,0,1%))<100000,0,P10/(1+IF(P10<100000,0,1%))*1%*5%))-AV10) | BM10: =IF(Q10="","",Q10-(IF(Q10/(1+IF(Q10<100000,0,1%))<100000,0,Q10/(1+IF(Q10<100000,0,1%))*1%))-(IF(Q10/(1+IF(Q10<100000,0,1%))<100000,0,Q10/(1+IF(Q10<100000,0,1%))*1%*5%))-AW10) | ... BU10: =IF(Y10="","",Y10-(IF(Y10/(1+IF(Y10<100000,0,1%))<100000,0,Y10/(1+IF(Y10<100000,0,1%))*1%))-(IF(Y10/(1+IF(Y10<100000,0,1%))<100000,0,Y10/(1+IF(Y10<100000,0,1%))*1%*5%))-BE10) | BV10: =IF(BF10="","",ABS(BF10-$B10)) | BW10: =IF(BG10="","",ABS(BG10-$B10)) | BX10: =IF(BH10="","",ABS(BH10-$B10)) | BY10: =IF(BI10="","",ABS(BI10-$B10)) | BZ10: =IF(BJ10="","",ABS(BJ10-$B10)) | CA10: =IF(BK10="","",ABS(BK10-$B10)) | CB10: =IF(BL10="","",ABS(BL10-$B10)) | CC10: =IF(BM10="","",ABS(BM10-$B10)) | ... CK10: =IF(BU10="","",ABS(BU10-$B10)) | CL10: =IF(J10="","",AND(J10>0,J10<101000,BV10<0.05,AP10=0)) | CM10: =IF(K10="","",AND(K10>0,K10>=101000,BW10<0.05,AQ10=0)) | CN10: =IF(L10="","",AND(L10>0,L10<101000,BX10<0.05,AR10>0)) | CO10: =IF(M10="","",AND(M10>0,M10<101000,BY10<0.05,AS10>0)) | CP10: =IF(N10="","",AND(N10>0,N10<101000,BZ10<0.05,AT10>0)) | CQ10: =IF(O10="","",AND(O10>0,O10<101000,CA10<0.05,AU10>0)) | CR10: =IF(P10="","",AND(P10>0,P10<101000,CB10<0.05,AV10>0)) | CS10: =IF(Q10="","",AND(Q10>0,Q10<101000,CC10<0.05,AW10>0)) | CT10: =IF(R10="","",AND(R10>0,R10<101000,CD10<0.05,AX10>0)) | CU10: =IF(S10="","",AND(S10>0,S10>=101000,CE10<0.05,AY10>0)) | CV10: =IF(T10="","",AND(T10>0,T10>=101000,CF10<0.05,AZ10>0)) | CW10: =IF(U10="","",AND(U10>0,U10>=101000,CG10<0.05,BA10>0)) | CX10: =IF(V10="","",AND(V10>0,V10>=101000,CH10<0.05,BB10>0)) | CY10: =IF(W10="","",AND(W10>0,W10>=101000,CI10<0.05,BC10>0)) | CZ10: =IF(X10="","",AND(X10>0,X10>=101000,CJ10<0.05,BD10>0)) | DA10: =IF(Y10="","",AND(Y10>0,Y10>=101000,CK10<0.05,BE10>0)) | DB10: =IFERROR(MATCH(TRUE,CL10:DA10,0),"") | DC10: =IF(DB10="","",INDEX(J10:Y10,DB10)) | DD10: =IF(DB10="","",INDEX(BF10:BU10,DB10))
A11: 10 | B11: ='月度计算'!C14 | C11: ='月度计算'!D14 | D11: ='月度计算'!B14 | E11: ='月度计算'!E14 | F11: ='月度计算'!F14 | G11: ='月度计算'!AB14 | H11: ='月度计算'!AC14 | I11: =IF(C11=0,"",G11*80%-5000*E11-H11) | J11: =IF(OR($C11=0,$B11="",$D11<>""),"",$B11/(1-(0))) | K11: =IF(OR($C11=0,$B11="",$D11<>""),"",$B11/(1-(21/2020))) | L11: =IF(OR($C11=0,$B11="",$D11<>""),"",($B11-0-$F11+$I11*0.03)/(1-(0)-(0.8)*0.03)) | M11: =IF(OR($C11=0,$B11="",$D11<>""),"",($B11-2520-$F11+$I11*0.1)/(1-(0)-(0.8)*0.1)) | N11: =IF(OR($C11=0,$B11="",$D11<>""),"",($B11-16920-$F11+$I11*0.2)/(1-(0)-(0.8)*0.2)) | O11: =IF(OR($C11=0,$B11="",$D11<>""),"",($B11-31920-$F11+$I11*0.25)/(1-(0)-(0.8)*0.25)) | P11: =IF(OR($C11=0,$B11="",$D11<>""),"",($B11-52920-$F11+$I11*0.3)/(1-(0)-(0.8)*0.3)) | Q11: =IF(OR($C11=0,$B11="",$D11<>""),"",($B11-85920-$F11+$I11*0.35)/(1-(0)-(0.8)*0.35)) | R11: =IF(OR($C11=0,$B11="",$D11<>""),"",($B11-181920-$F11+$I11*0.45)/(1-(0)-(0.8)*0.45)) | S11: =IF(OR($C11=0,$B11="",$D11<>""),"",($B11-0-$F11+$I11*0.03)/(1-(21/2020)-(1599/2020)*0.03)) | T11: =IF(OR($C11=0,$B11="",$D11<>""),"",($B11-2520-$F11+$I11*0.1)/(1-(21/2020)-(1599/2020)*0.1)) | U11: =IF(OR($C11=0,$B11="",$D11<>""),"",($B11-16920-$F11+$I11*0.2)/(1-(21/2020)-(1599/2020)*0.2)) | V11: =IF(OR($C11=0,$B11="",$D11<>""),"",($B11-31920-$F11+$I11*0.25)/(1-(21/2020)-(1599/2020)*0.25)) | W11: =IF(OR($C11=0,$B11="",$D11<>""),"",($B11-52920-$F11+$I11*0.3)/(1-(21/2020)-(1599/2020)*0.3)) | X11: =IF(OR($C11=0,$B11="",$D11<>""),"",($B11-85920-$F11+$I11*0.35)/(1-(21/2020)-(1599/2020)*0.35)) | Y11: =IF(OR($C11=0,$B11="",$D11<>""),"",($B11-181920-$F11+$I11*0.45)/(1-(21/2020)-(1599/2020)*0.45)) | Z11: =IF(J11="","",($G11+J11-(IF(J11/(1+IF(J11<100000,0,1%))<100000,0,J11/(1+IF(J11<100000,0,1%))*1%)))*80%-5000*$E11-($H11+(IF(J11/(1+IF(J11<100000,0,1%))<100000,0,J11/(1+IF(J11<100000,0,1%))*1%*5%)))) | AA11: =IF(K11="","",($G11+K11-(IF(K11/(1+IF(K11<100000,0,1%))<100000,0,K11/(1+IF(K11<100000,0,1%))*1%)))*80%-5000*$E11-($H11+(IF(K11/(1+IF(K11<100000,0,1%))<100000,0,K11/(1+IF(K11<100000,0,1%))*1%*5%)))) | AB11: =IF(L11="","",($G11+L11-(IF(L11/(1+IF(L11<100000,0,1%))<100000,0,L11/(1+IF(L11<100000,0,1%))*1%)))*80%-5000*$E11-($H11+(IF(L11/(1+IF(L11<100000,0,1%))<100000,0,L11/(1+IF(L11<100000,0,1%))*1%*5%)))) | AC11: =IF(M11="","",($G11+M11-(IF(M11/(1+IF(M11<100000,0,1%))<100000,0,M11/(1+IF(M11<100000,0,1%))*1%)))*80%-5000*$E11-($H11+(IF(M11/(1+IF(M11<100000,0,1%))<100000,0,M11/(1+IF(M11<100000,0,1%))*1%*5%)))) | AD11: =IF(N11="","",($G11+N11-(IF(N11/(1+IF(N11<100000,0,1%))<100000,0,N11/(1+IF(N11<100000,0,1%))*1%)))*80%-5000*$E11-($H11+(IF(N11/(1+IF(N11<100000,0,1%))<100000,0,N11/(1+IF(N11<100000,0,1%))*1%*5%)))) | AE11: =IF(O11="","",($G11+O11-(IF(O11/(1+IF(O11<100000,0,1%))<100000,0,O11/(1+IF(O11<100000,0,1%))*1%)))*80%-5000*$E11-($H11+(IF(O11/(1+IF(O11<100000,0,1%))<100000,0,O11/(1+IF(O11<100000,0,1%))*1%*5%)))) | AF11: =IF(P11="","",($G11+P11-(IF(P11/(1+IF(P11<100000,0,1%))<100000,0,P11/(1+IF(P11<100000,0,1%))*1%)))*80%-5000*$E11-($H11+(IF(P11/(1+IF(P11<100000,0,1%))<100000,0,P11/(1+IF(P11<100000,0,1%))*1%*5%)))) | AG11: =IF(Q11="","",($G11+Q11-(IF(Q11/(1+IF(Q11<100000,0,1%))<100000,0,Q11/(1+IF(Q11<100000,0,1%))*1%)))*80%-5000*$E11-($H11+(IF(Q11/(1+IF(Q11<100000,0,1%))<100000,0,Q11/(1+IF(Q11<100000,0,1%))*1%*5%)))) | ... AO11: =IF(Y11="","",($G11+Y11-(IF(Y11/(1+IF(Y11<100000,0,1%))<100000,0,Y11/(1+IF(Y11<100000,0,1%))*1%)))*80%-5000*$E11-($H11+(IF(Y11/(1+IF(Y11<100000,0,1%))<100000,0,Y11/(1+IF(Y11<100000,0,1%))*1%*5%)))) | AP11: =IF(Z11="","",MAX(0,Z11*IF(Z11<=36000,3%,IF(Z11<=144000,10%,IF(Z11<=300000,20%,IF(Z11<=420000,25%,IF(Z11<=660000,30%,IF(Z11<=960000,35%,45%))))))-IF(Z11<=36000,0,IF(Z11<=144000,2520,IF(Z11<=300000,16920,IF(Z11<=420000,31920,IF(Z11<=660000,52920,IF(Z11<=960000,85920,181920))))))-$F11)) | AQ11: =IF(AA11="","",MAX(0,AA11*IF(AA11<=36000,3%,IF(AA11<=144000,10%,IF(AA11<=300000,20%,IF(AA11<=420000,25%,IF(AA11<=660000,30%,IF(AA11<=960000,35%,45%))))))-IF(AA11<=36000,0,IF(AA11<=144000,2520,IF(AA11<=300000,16920,IF(AA11<=420000,31920,IF(AA11<=660000,52920,IF(AA11<=960000,85920,181920))))))-$F11)) | AR11: =IF(AB11="","",MAX(0,AB11*IF(AB11<=36000,3%,IF(AB11<=144000,10%,IF(AB11<=300000,20%,IF(AB11<=420000,25%,IF(AB11<=660000,30%,IF(AB11<=960000,35%,45%))))))-IF(AB11<=36000,0,IF(AB11<=144000,2520,IF(AB11<=300000,16920,IF(AB11<=420000,31920,IF(AB11<=660000,52920,IF(AB11<=960000,85920,181920))))))-$F11)) | AS11: =IF(AC11="","",MAX(0,AC11*IF(AC11<=36000,3%,IF(AC11<=144000,10%,IF(AC11<=300000,20%,IF(AC11<=420000,25%,IF(AC11<=660000,30%,IF(AC11<=960000,35%,45%))))))-IF(AC11<=36000,0,IF(AC11<=144000,2520,IF(AC11<=300000,16920,IF(AC11<=420000,31920,IF(AC11<=660000,52920,IF(AC11<=960000,85920,181920))))))-$F11)) | AT11: =IF(AD11="","",MAX(0,AD11*IF(AD11<=36000,3%,IF(AD11<=144000,10%,IF(AD11<=300000,20%,IF(AD11<=420000,25%,IF(AD11<=660000,30%,IF(AD11<=960000,35%,45%))))))-IF(AD11<=36000,0,IF(AD11<=144000,2520,IF(AD11<=300000,16920,IF(AD11<=420000,31920,IF(AD11<=660000,52920,IF(AD11<=960000,85920,181920))))))-$F11)) | AU11: =IF(AE11="","",MAX(0,AE11*IF(AE11<=36000,3%,IF(AE11<=144000,10%,IF(AE11<=300000,20%,IF(AE11<=420000,25%,IF(AE11<=660000,30%,IF(AE11<=960000,35%,45%))))))-IF(AE11<=36000,0,IF(AE11<=144000,2520,IF(AE11<=300000,16920,IF(AE11<=420000,31920,IF(AE11<=660000,52920,IF(AE11<=960000,85920,181920))))))-$F11)) | AV11: =IF(AF11="","",MAX(0,AF11*IF(AF11<=36000,3%,IF(AF11<=144000,10%,IF(AF11<=300000,20%,IF(AF11<=420000,25%,IF(AF11<=660000,30%,IF(AF11<=960000,35%,45%))))))-IF(AF11<=36000,0,IF(AF11<=144000,2520,IF(AF11<=300000,16920,IF(AF11<=420000,31920,IF(AF11<=660000,52920,IF(AF11<=960000,85920,181920))))))-$F11)) | AW11: =IF(AG11="","",MAX(0,AG11*IF(AG11<=36000,3%,IF(AG11<=144000,10%,IF(AG11<=300000,20%,IF(AG11<=420000,25%,IF(AG11<=660000,30%,IF(AG11<=960000,35%,45%))))))-IF(AG11<=36000,0,IF(AG11<=144000,2520,IF(AG11<=300000,16920,IF(AG11<=420000,31920,IF(AG11<=660000,52920,IF(AG11<=960000,85920,181920))))))-$F11)) | ... BE11: =IF(AO11="","",MAX(0,AO11*IF(AO11<=36000,3%,IF(AO11<=144000,10%,IF(AO11<=300000,20%,IF(AO11<=420000,25%,IF(AO11<=660000,30%,IF(AO11<=960000,35%,45%))))))-IF(AO11<=36000,0,IF(AO11<=144000,2520,IF(AO11<=300000,16920,IF(AO11<=420000,31920,IF(AO11<=660000,52920,IF(AO11<=960000,85920,181920))))))-$F11)) | BF11: =IF(J11="","",J11-(IF(J11/(1+IF(J11<100000,0,1%))<100000,0,J11/(1+IF(J11<100000,0,1%))*1%))-(IF(J11/(1+IF(J11<100000,0,1%))<100000,0,J11/(1+IF(J11<100000,0,1%))*1%*5%))-AP11) | BG11: =IF(K11="","",K11-(IF(K11/(1+IF(K11<100000,0,1%))<100000,0,K11/(1+IF(K11<100000,0,1%))*1%))-(IF(K11/(1+IF(K11<100000,0,1%))<100000,0,K11/(1+IF(K11<100000,0,1%))*1%*5%))-AQ11) | BH11: =IF(L11="","",L11-(IF(L11/(1+IF(L11<100000,0,1%))<100000,0,L11/(1+IF(L11<100000,0,1%))*1%))-(IF(L11/(1+IF(L11<100000,0,1%))<100000,0,L11/(1+IF(L11<100000,0,1%))*1%*5%))-AR11) | BI11: =IF(M11="","",M11-(IF(M11/(1+IF(M11<100000,0,1%))<100000,0,M11/(1+IF(M11<100000,0,1%))*1%))-(IF(M11/(1+IF(M11<100000,0,1%))<100000,0,M11/(1+IF(M11<100000,0,1%))*1%*5%))-AS11) | BJ11: =IF(N11="","",N11-(IF(N11/(1+IF(N11<100000,0,1%))<100000,0,N11/(1+IF(N11<100000,0,1%))*1%))-(IF(N11/(1+IF(N11<100000,0,1%))<100000,0,N11/(1+IF(N11<100000,0,1%))*1%*5%))-AT11) | BK11: =IF(O11="","",O11-(IF(O11/(1+IF(O11<100000,0,1%))<100000,0,O11/(1+IF(O11<100000,0,1%))*1%))-(IF(O11/(1+IF(O11<100000,0,1%))<100000,0,O11/(1+IF(O11<100000,0,1%))*1%*5%))-AU11) | BL11: =IF(P11="","",P11-(IF(P11/(1+IF(P11<100000,0,1%))<100000,0,P11/(1+IF(P11<100000,0,1%))*1%))-(IF(P11/(1+IF(P11<100000,0,1%))<100000,0,P11/(1+IF(P11<100000,0,1%))*1%*5%))-AV11) | BM11: =IF(Q11="","",Q11-(IF(Q11/(1+IF(Q11<100000,0,1%))<100000,0,Q11/(1+IF(Q11<100000,0,1%))*1%))-(IF(Q11/(1+IF(Q11<100000,0,1%))<100000,0,Q11/(1+IF(Q11<100000,0,1%))*1%*5%))-AW11) | ... BU11: =IF(Y11="","",Y11-(IF(Y11/(1+IF(Y11<100000,0,1%))<100000,0,Y11/(1+IF(Y11<100000,0,1%))*1%))-(IF(Y11/(1+IF(Y11<100000,0,1%))<100000,0,Y11/(1+IF(Y11<100000,0,1%))*1%*5%))-BE11) | BV11: =IF(BF11="","",ABS(BF11-$B11)) | BW11: =IF(BG11="","",ABS(BG11-$B11)) | BX11: =IF(BH11="","",ABS(BH11-$B11)) | BY11: =IF(BI11="","",ABS(BI11-$B11)) | BZ11: =IF(BJ11="","",ABS(BJ11-$B11)) | CA11: =IF(BK11="","",ABS(BK11-$B11)) | CB11: =IF(BL11="","",ABS(BL11-$B11)) | CC11: =IF(BM11="","",ABS(BM11-$B11)) | ... CK11: =IF(BU11="","",ABS(BU11-$B11)) | CL11: =IF(J11="","",AND(J11>0,J11<101000,BV11<0.05,AP11=0)) | CM11: =IF(K11="","",AND(K11>0,K11>=101000,BW11<0.05,AQ11=0)) | CN11: =IF(L11="","",AND(L11>0,L11<101000,BX11<0.05,AR11>0)) | CO11: =IF(M11="","",AND(M11>0,M11<101000,BY11<0.05,AS11>0)) | CP11: =IF(N11="","",AND(N11>0,N11<101000,BZ11<0.05,AT11>0)) | CQ11: =IF(O11="","",AND(O11>0,O11<101000,CA11<0.05,AU11>0)) | CR11: =IF(P11="","",AND(P11>0,P11<101000,CB11<0.05,AV11>0)) | CS11: =IF(Q11="","",AND(Q11>0,Q11<101000,CC11<0.05,AW11>0)) | CT11: =IF(R11="","",AND(R11>0,R11<101000,CD11<0.05,AX11>0)) | CU11: =IF(S11="","",AND(S11>0,S11>=101000,CE11<0.05,AY11>0)) | CV11: =IF(T11="","",AND(T11>0,T11>=101000,CF11<0.05,AZ11>0)) | CW11: =IF(U11="","",AND(U11>0,U11>=101000,CG11<0.05,BA11>0)) | CX11: =IF(V11="","",AND(V11>0,V11>=101000,CH11<0.05,BB11>0)) | CY11: =IF(W11="","",AND(W11>0,W11>=101000,CI11<0.05,BC11>0)) | CZ11: =IF(X11="","",AND(X11>0,X11>=101000,CJ11<0.05,BD11>0)) | DA11: =IF(Y11="","",AND(Y11>0,Y11>=101000,CK11<0.05,BE11>0)) | DB11: =IFERROR(MATCH(TRUE,CL11:DA11,0),"") | DC11: =IF(DB11="","",INDEX(J11:Y11,DB11)) | DD11: =IF(DB11="","",INDEX(BF11:BU11,DB11))
A12: 11 | B12: ='月度计算'!C15 | C12: ='月度计算'!D15 | D12: ='月度计算'!B15 | E12: ='月度计算'!E15 | F12: ='月度计算'!F15 | G12: ='月度计算'!AB15 | H12: ='月度计算'!AC15 | I12: =IF(C12=0,"",G12*80%-5000*E12-H12) | J12: =IF(OR($C12=0,$B12="",$D12<>""),"",$B12/(1-(0))) | K12: =IF(OR($C12=0,$B12="",$D12<>""),"",$B12/(1-(21/2020))) | L12: =IF(OR($C12=0,$B12="",$D12<>""),"",($B12-0-$F12+$I12*0.03)/(1-(0)-(0.8)*0.03)) | M12: =IF(OR($C12=0,$B12="",$D12<>""),"",($B12-2520-$F12+$I12*0.1)/(1-(0)-(0.8)*0.1)) | N12: =IF(OR($C12=0,$B12="",$D12<>""),"",($B12-16920-$F12+$I12*0.2)/(1-(0)-(0.8)*0.2)) | O12: =IF(OR($C12=0,$B12="",$D12<>""),"",($B12-31920-$F12+$I12*0.25)/(1-(0)-(0.8)*0.25)) | P12: =IF(OR($C12=0,$B12="",$D12<>""),"",($B12-52920-$F12+$I12*0.3)/(1-(0)-(0.8)*0.3)) | Q12: =IF(OR($C12=0,$B12="",$D12<>""),"",($B12-85920-$F12+$I12*0.35)/(1-(0)-(0.8)*0.35)) | R12: =IF(OR($C12=0,$B12="",$D12<>""),"",($B12-181920-$F12+$I12*0.45)/(1-(0)-(0.8)*0.45)) | S12: =IF(OR($C12=0,$B12="",$D12<>""),"",($B12-0-$F12+$I12*0.03)/(1-(21/2020)-(1599/2020)*0.03)) | T12: =IF(OR($C12=0,$B12="",$D12<>""),"",($B12-2520-$F12+$I12*0.1)/(1-(21/2020)-(1599/2020)*0.1)) | U12: =IF(OR($C12=0,$B12="",$D12<>""),"",($B12-16920-$F12+$I12*0.2)/(1-(21/2020)-(1599/2020)*0.2)) | V12: =IF(OR($C12=0,$B12="",$D12<>""),"",($B12-31920-$F12+$I12*0.25)/(1-(21/2020)-(1599/2020)*0.25)) | W12: =IF(OR($C12=0,$B12="",$D12<>""),"",($B12-52920-$F12+$I12*0.3)/(1-(21/2020)-(1599/2020)*0.3)) | X12: =IF(OR($C12=0,$B12="",$D12<>""),"",($B12-85920-$F12+$I12*0.35)/(1-(21/2020)-(1599/2020)*0.35)) | Y12: =IF(OR($C12=0,$B12="",$D12<>""),"",($B12-181920-$F12+$I12*0.45)/(1-(21/2020)-(1599/2020)*0.45)) | Z12: =IF(J12="","",($G12+J12-(IF(J12/(1+IF(J12<100000,0,1%))<100000,0,J12/(1+IF(J12<100000,0,1%))*1%)))*80%-5000*$E12-($H12+(IF(J12/(1+IF(J12<100000,0,1%))<100000,0,J12/(1+IF(J12<100000,0,1%))*1%*5%)))) | AA12: =IF(K12="","",($G12+K12-(IF(K12/(1+IF(K12<100000,0,1%))<100000,0,K12/(1+IF(K12<100000,0,1%))*1%)))*80%-5000*$E12-($H12+(IF(K12/(1+IF(K12<100000,0,1%))<100000,0,K12/(1+IF(K12<100000,0,1%))*1%*5%)))) | AB12: =IF(L12="","",($G12+L12-(IF(L12/(1+IF(L12<100000,0,1%))<100000,0,L12/(1+IF(L12<100000,0,1%))*1%)))*80%-5000*$E12-($H12+(IF(L12/(1+IF(L12<100000,0,1%))<100000,0,L12/(1+IF(L12<100000,0,1%))*1%*5%)))) | AC12: =IF(M12="","",($G12+M12-(IF(M12/(1+IF(M12<100000,0,1%))<100000,0,M12/(1+IF(M12<100000,0,1%))*1%)))*80%-5000*$E12-($H12+(IF(M12/(1+IF(M12<100000,0,1%))<100000,0,M12/(1+IF(M12<100000,0,1%))*1%*5%)))) | AD12: =IF(N12="","",($G12+N12-(IF(N12/(1+IF(N12<100000,0,1%))<100000,0,N12/(1+IF(N12<100000,0,1%))*1%)))*80%-5000*$E12-($H12+(IF(N12/(1+IF(N12<100000,0,1%))<100000,0,N12/(1+IF(N12<100000,0,1%))*1%*5%)))) | AE12: =IF(O12="","",($G12+O12-(IF(O12/(1+IF(O12<100000,0,1%))<100000,0,O12/(1+IF(O12<100000,0,1%))*1%)))*80%-5000*$E12-($H12+(IF(O12/(1+IF(O12<100000,0,1%))<100000,0,O12/(1+IF(O12<100000,0,1%))*1%*5%)))) | AF12: =IF(P12="","",($G12+P12-(IF(P12/(1+IF(P12<100000,0,1%))<100000,0,P12/(1+IF(P12<100000,0,1%))*1%)))*80%-5000*$E12-($H12+(IF(P12/(1+IF(P12<100000,0,1%))<100000,0,P12/(1+IF(P12<100000,0,1%))*1%*5%)))) | AG12: =IF(Q12="","",($G12+Q12-(IF(Q12/(1+IF(Q12<100000,0,1%))<100000,0,Q12/(1+IF(Q12<100000,0,1%))*1%)))*80%-5000*$E12-($H12+(IF(Q12/(1+IF(Q12<100000,0,1%))<100000,0,Q12/(1+IF(Q12<100000,0,1%))*1%*5%)))) | ... AO12: =IF(Y12="","",($G12+Y12-(IF(Y12/(1+IF(Y12<100000,0,1%))<100000,0,Y12/(1+IF(Y12<100000,0,1%))*1%)))*80%-5000*$E12-($H12+(IF(Y12/(1+IF(Y12<100000,0,1%))<100000,0,Y12/(1+IF(Y12<100000,0,1%))*1%*5%)))) | AP12: =IF(Z12="","",MAX(0,Z12*IF(Z12<=36000,3%,IF(Z12<=144000,10%,IF(Z12<=300000,20%,IF(Z12<=420000,25%,IF(Z12<=660000,30%,IF(Z12<=960000,35%,45%))))))-IF(Z12<=36000,0,IF(Z12<=144000,2520,IF(Z12<=300000,16920,IF(Z12<=420000,31920,IF(Z12<=660000,52920,IF(Z12<=960000,85920,181920))))))-$F12)) | AQ12: =IF(AA12="","",MAX(0,AA12*IF(AA12<=36000,3%,IF(AA12<=144000,10%,IF(AA12<=300000,20%,IF(AA12<=420000,25%,IF(AA12<=660000,30%,IF(AA12<=960000,35%,45%))))))-IF(AA12<=36000,0,IF(AA12<=144000,2520,IF(AA12<=300000,16920,IF(AA12<=420000,31920,IF(AA12<=660000,52920,IF(AA12<=960000,85920,181920))))))-$F12)) | AR12: =IF(AB12="","",MAX(0,AB12*IF(AB12<=36000,3%,IF(AB12<=144000,10%,IF(AB12<=300000,20%,IF(AB12<=420000,25%,IF(AB12<=660000,30%,IF(AB12<=960000,35%,45%))))))-IF(AB12<=36000,0,IF(AB12<=144000,2520,IF(AB12<=300000,16920,IF(AB12<=420000,31920,IF(AB12<=660000,52920,IF(AB12<=960000,85920,181920))))))-$F12)) | AS12: =IF(AC12="","",MAX(0,AC12*IF(AC12<=36000,3%,IF(AC12<=144000,10%,IF(AC12<=300000,20%,IF(AC12<=420000,25%,IF(AC12<=660000,30%,IF(AC12<=960000,35%,45%))))))-IF(AC12<=36000,0,IF(AC12<=144000,2520,IF(AC12<=300000,16920,IF(AC12<=420000,31920,IF(AC12<=660000,52920,IF(AC12<=960000,85920,181920))))))-$F12)) | AT12: =IF(AD12="","",MAX(0,AD12*IF(AD12<=36000,3%,IF(AD12<=144000,10%,IF(AD12<=300000,20%,IF(AD12<=420000,25%,IF(AD12<=660000,30%,IF(AD12<=960000,35%,45%))))))-IF(AD12<=36000,0,IF(AD12<=144000,2520,IF(AD12<=300000,16920,IF(AD12<=420000,31920,IF(AD12<=660000,52920,IF(AD12<=960000,85920,181920))))))-$F12)) | AU12: =IF(AE12="","",MAX(0,AE12*IF(AE12<=36000,3%,IF(AE12<=144000,10%,IF(AE12<=300000,20%,IF(AE12<=420000,25%,IF(AE12<=660000,30%,IF(AE12<=960000,35%,45%))))))-IF(AE12<=36000,0,IF(AE12<=144000,2520,IF(AE12<=300000,16920,IF(AE12<=420000,31920,IF(AE12<=660000,52920,IF(AE12<=960000,85920,181920))))))-$F12)) | AV12: =IF(AF12="","",MAX(0,AF12*IF(AF12<=36000,3%,IF(AF12<=144000,10%,IF(AF12<=300000,20%,IF(AF12<=420000,25%,IF(AF12<=660000,30%,IF(AF12<=960000,35%,45%))))))-IF(AF12<=36000,0,IF(AF12<=144000,2520,IF(AF12<=300000,16920,IF(AF12<=420000,31920,IF(AF12<=660000,52920,IF(AF12<=960000,85920,181920))))))-$F12)) | AW12: =IF(AG12="","",MAX(0,AG12*IF(AG12<=36000,3%,IF(AG12<=144000,10%,IF(AG12<=300000,20%,IF(AG12<=420000,25%,IF(AG12<=660000,30%,IF(AG12<=960000,35%,45%))))))-IF(AG12<=36000,0,IF(AG12<=144000,2520,IF(AG12<=300000,16920,IF(AG12<=420000,31920,IF(AG12<=660000,52920,IF(AG12<=960000,85920,181920))))))-$F12)) | ... BE12: =IF(AO12="","",MAX(0,AO12*IF(AO12<=36000,3%,IF(AO12<=144000,10%,IF(AO12<=300000,20%,IF(AO12<=420000,25%,IF(AO12<=660000,30%,IF(AO12<=960000,35%,45%))))))-IF(AO12<=36000,0,IF(AO12<=144000,2520,IF(AO12<=300000,16920,IF(AO12<=420000,31920,IF(AO12<=660000,52920,IF(AO12<=960000,85920,181920))))))-$F12)) | BF12: =IF(J12="","",J12-(IF(J12/(1+IF(J12<100000,0,1%))<100000,0,J12/(1+IF(J12<100000,0,1%))*1%))-(IF(J12/(1+IF(J12<100000,0,1%))<100000,0,J12/(1+IF(J12<100000,0,1%))*1%*5%))-AP12) | BG12: =IF(K12="","",K12-(IF(K12/(1+IF(K12<100000,0,1%))<100000,0,K12/(1+IF(K12<100000,0,1%))*1%))-(IF(K12/(1+IF(K12<100000,0,1%))<100000,0,K12/(1+IF(K12<100000,0,1%))*1%*5%))-AQ12) | BH12: =IF(L12="","",L12-(IF(L12/(1+IF(L12<100000,0,1%))<100000,0,L12/(1+IF(L12<100000,0,1%))*1%))-(IF(L12/(1+IF(L12<100000,0,1%))<100000,0,L12/(1+IF(L12<100000,0,1%))*1%*5%))-AR12) | BI12: =IF(M12="","",M12-(IF(M12/(1+IF(M12<100000,0,1%))<100000,0,M12/(1+IF(M12<100000,0,1%))*1%))-(IF(M12/(1+IF(M12<100000,0,1%))<100000,0,M12/(1+IF(M12<100000,0,1%))*1%*5%))-AS12) | BJ12: =IF(N12="","",N12-(IF(N12/(1+IF(N12<100000,0,1%))<100000,0,N12/(1+IF(N12<100000,0,1%))*1%))-(IF(N12/(1+IF(N12<100000,0,1%))<100000,0,N12/(1+IF(N12<100000,0,1%))*1%*5%))-AT12) | BK12: =IF(O12="","",O12-(IF(O12/(1+IF(O12<100000,0,1%))<100000,0,O12/(1+IF(O12<100000,0,1%))*1%))-(IF(O12/(1+IF(O12<100000,0,1%))<100000,0,O12/(1+IF(O12<100000,0,1%))*1%*5%))-AU12) | BL12: =IF(P12="","",P12-(IF(P12/(1+IF(P12<100000,0,1%))<100000,0,P12/(1+IF(P12<100000,0,1%))*1%))-(IF(P12/(1+IF(P12<100000,0,1%))<100000,0,P12/(1+IF(P12<100000,0,1%))*1%*5%))-AV12) | BM12: =IF(Q12="","",Q12-(IF(Q12/(1+IF(Q12<100000,0,1%))<100000,0,Q12/(1+IF(Q12<100000,0,1%))*1%))-(IF(Q12/(1+IF(Q12<100000,0,1%))<100000,0,Q12/(1+IF(Q12<100000,0,1%))*1%*5%))-AW12) | ... BU12: =IF(Y12="","",Y12-(IF(Y12/(1+IF(Y12<100000,0,1%))<100000,0,Y12/(1+IF(Y12<100000,0,1%))*1%))-(IF(Y12/(1+IF(Y12<100000,0,1%))<100000,0,Y12/(1+IF(Y12<100000,0,1%))*1%*5%))-BE12) | BV12: =IF(BF12="","",ABS(BF12-$B12)) | BW12: =IF(BG12="","",ABS(BG12-$B12)) | BX12: =IF(BH12="","",ABS(BH12-$B12)) | BY12: =IF(BI12="","",ABS(BI12-$B12)) | BZ12: =IF(BJ12="","",ABS(BJ12-$B12)) | CA12: =IF(BK12="","",ABS(BK12-$B12)) | CB12: =IF(BL12="","",ABS(BL12-$B12)) | CC12: =IF(BM12="","",ABS(BM12-$B12)) | ... CK12: =IF(BU12="","",ABS(BU12-$B12)) | CL12: =IF(J12="","",AND(J12>0,J12<101000,BV12<0.05,AP12=0)) | CM12: =IF(K12="","",AND(K12>0,K12>=101000,BW12<0.05,AQ12=0)) | CN12: =IF(L12="","",AND(L12>0,L12<101000,BX12<0.05,AR12>0)) | CO12: =IF(M12="","",AND(M12>0,M12<101000,BY12<0.05,AS12>0)) | CP12: =IF(N12="","",AND(N12>0,N12<101000,BZ12<0.05,AT12>0)) | CQ12: =IF(O12="","",AND(O12>0,O12<101000,CA12<0.05,AU12>0)) | CR12: =IF(P12="","",AND(P12>0,P12<101000,CB12<0.05,AV12>0)) | CS12: =IF(Q12="","",AND(Q12>0,Q12<101000,CC12<0.05,AW12>0)) | CT12: =IF(R12="","",AND(R12>0,R12<101000,CD12<0.05,AX12>0)) | CU12: =IF(S12="","",AND(S12>0,S12>=101000,CE12<0.05,AY12>0)) | CV12: =IF(T12="","",AND(T12>0,T12>=101000,CF12<0.05,AZ12>0)) | CW12: =IF(U12="","",AND(U12>0,U12>=101000,CG12<0.05,BA12>0)) | CX12: =IF(V12="","",AND(V12>0,V12>=101000,CH12<0.05,BB12>0)) | CY12: =IF(W12="","",AND(W12>0,W12>=101000,CI12<0.05,BC12>0)) | CZ12: =IF(X12="","",AND(X12>0,X12>=101000,CJ12<0.05,BD12>0)) | DA12: =IF(Y12="","",AND(Y12>0,Y12>=101000,CK12<0.05,BE12>0)) | DB12: =IFERROR(MATCH(TRUE,CL12:DA12,0),"") | DC12: =IF(DB12="","",INDEX(J12:Y12,DB12)) | DD12: =IF(DB12="","",INDEX(BF12:BU12,DB12))
A13: 12 | B13: ='月度计算'!C16 | C13: ='月度计算'!D16 | D13: ='月度计算'!B16 | E13: ='月度计算'!E16 | F13: ='月度计算'!F16 | G13: ='月度计算'!AB16 | H13: ='月度计算'!AC16 | I13: =IF(C13=0,"",G13*80%-5000*E13-H13) | J13: =IF(OR($C13=0,$B13="",$D13<>""),"",$B13/(1-(0))) | K13: =IF(OR($C13=0,$B13="",$D13<>""),"",$B13/(1-(21/2020))) | L13: =IF(OR($C13=0,$B13="",$D13<>""),"",($B13-0-$F13+$I13*0.03)/(1-(0)-(0.8)*0.03)) | M13: =IF(OR($C13=0,$B13="",$D13<>""),"",($B13-2520-$F13+$I13*0.1)/(1-(0)-(0.8)*0.1)) | N13: =IF(OR($C13=0,$B13="",$D13<>""),"",($B13-16920-$F13+$I13*0.2)/(1-(0)-(0.8)*0.2)) | O13: =IF(OR($C13=0,$B13="",$D13<>""),"",($B13-31920-$F13+$I13*0.25)/(1-(0)-(0.8)*0.25)) | P13: =IF(OR($C13=0,$B13="",$D13<>""),"",($B13-52920-$F13+$I13*0.3)/(1-(0)-(0.8)*0.3)) | Q13: =IF(OR($C13=0,$B13="",$D13<>""),"",($B13-85920-$F13+$I13*0.35)/(1-(0)-(0.8)*0.35)) | R13: =IF(OR($C13=0,$B13="",$D13<>""),"",($B13-181920-$F13+$I13*0.45)/(1-(0)-(0.8)*0.45)) | S13: =IF(OR($C13=0,$B13="",$D13<>""),"",($B13-0-$F13+$I13*0.03)/(1-(21/2020)-(1599/2020)*0.03)) | T13: =IF(OR($C13=0,$B13="",$D13<>""),"",($B13-2520-$F13+$I13*0.1)/(1-(21/2020)-(1599/2020)*0.1)) | U13: =IF(OR($C13=0,$B13="",$D13<>""),"",($B13-16920-$F13+$I13*0.2)/(1-(21/2020)-(1599/2020)*0.2)) | V13: =IF(OR($C13=0,$B13="",$D13<>""),"",($B13-31920-$F13+$I13*0.25)/(1-(21/2020)-(1599/2020)*0.25)) | W13: =IF(OR($C13=0,$B13="",$D13<>""),"",($B13-52920-$F13+$I13*0.3)/(1-(21/2020)-(1599/2020)*0.3)) | X13: =IF(OR($C13=0,$B13="",$D13<>""),"",($B13-85920-$F13+$I13*0.35)/(1-(21/2020)-(1599/2020)*0.35)) | Y13: =IF(OR($C13=0,$B13="",$D13<>""),"",($B13-181920-$F13+$I13*0.45)/(1-(21/2020)-(1599/2020)*0.45)) | Z13: =IF(J13="","",($G13+J13-(IF(J13/(1+IF(J13<100000,0,1%))<100000,0,J13/(1+IF(J13<100000,0,1%))*1%)))*80%-5000*$E13-($H13+(IF(J13/(1+IF(J13<100000,0,1%))<100000,0,J13/(1+IF(J13<100000,0,1%))*1%*5%)))) | AA13: =IF(K13="","",($G13+K13-(IF(K13/(1+IF(K13<100000,0,1%))<100000,0,K13/(1+IF(K13<100000,0,1%))*1%)))*80%-5000*$E13-($H13+(IF(K13/(1+IF(K13<100000,0,1%))<100000,0,K13/(1+IF(K13<100000,0,1%))*1%*5%)))) | AB13: =IF(L13="","",($G13+L13-(IF(L13/(1+IF(L13<100000,0,1%))<100000,0,L13/(1+IF(L13<100000,0,1%))*1%)))*80%-5000*$E13-($H13+(IF(L13/(1+IF(L13<100000,0,1%))<100000,0,L13/(1+IF(L13<100000,0,1%))*1%*5%)))) | AC13: =IF(M13="","",($G13+M13-(IF(M13/(1+IF(M13<100000,0,1%))<100000,0,M13/(1+IF(M13<100000,0,1%))*1%)))*80%-5000*$E13-($H13+(IF(M13/(1+IF(M13<100000,0,1%))<100000,0,M13/(1+IF(M13<100000,0,1%))*1%*5%)))) | AD13: =IF(N13="","",($G13+N13-(IF(N13/(1+IF(N13<100000,0,1%))<100000,0,N13/(1+IF(N13<100000,0,1%))*1%)))*80%-5000*$E13-($H13+(IF(N13/(1+IF(N13<100000,0,1%))<100000,0,N13/(1+IF(N13<100000,0,1%))*1%*5%)))) | AE13: =IF(O13="","",($G13+O13-(IF(O13/(1+IF(O13<100000,0,1%))<100000,0,O13/(1+IF(O13<100000,0,1%))*1%)))*80%-5000*$E13-($H13+(IF(O13/(1+IF(O13<100000,0,1%))<100000,0,O13/(1+IF(O13<100000,0,1%))*1%*5%)))) | AF13: =IF(P13="","",($G13+P13-(IF(P13/(1+IF(P13<100000,0,1%))<100000,0,P13/(1+IF(P13<100000,0,1%))*1%)))*80%-5000*$E13-($H13+(IF(P13/(1+IF(P13<100000,0,1%))<100000,0,P13/(1+IF(P13<100000,0,1%))*1%*5%)))) | AG13: =IF(Q13="","",($G13+Q13-(IF(Q13/(1+IF(Q13<100000,0,1%))<100000,0,Q13/(1+IF(Q13<100000,0,1%))*1%)))*80%-5000*$E13-($H13+(IF(Q13/(1+IF(Q13<100000,0,1%))<100000,0,Q13/(1+IF(Q13<100000,0,1%))*1%*5%)))) | ... AO13: =IF(Y13="","",($G13+Y13-(IF(Y13/(1+IF(Y13<100000,0,1%))<100000,0,Y13/(1+IF(Y13<100000,0,1%))*1%)))*80%-5000*$E13-($H13+(IF(Y13/(1+IF(Y13<100000,0,1%))<100000,0,Y13/(1+IF(Y13<100000,0,1%))*1%*5%)))) | AP13: =IF(Z13="","",MAX(0,Z13*IF(Z13<=36000,3%,IF(Z13<=144000,10%,IF(Z13<=300000,20%,IF(Z13<=420000,25%,IF(Z13<=660000,30%,IF(Z13<=960000,35%,45%))))))-IF(Z13<=36000,0,IF(Z13<=144000,2520,IF(Z13<=300000,16920,IF(Z13<=420000,31920,IF(Z13<=660000,52920,IF(Z13<=960000,85920,181920))))))-$F13)) | AQ13: =IF(AA13="","",MAX(0,AA13*IF(AA13<=36000,3%,IF(AA13<=144000,10%,IF(AA13<=300000,20%,IF(AA13<=420000,25%,IF(AA13<=660000,30%,IF(AA13<=960000,35%,45%))))))-IF(AA13<=36000,0,IF(AA13<=144000,2520,IF(AA13<=300000,16920,IF(AA13<=420000,31920,IF(AA13<=660000,52920,IF(AA13<=960000,85920,181920))))))-$F13)) | AR13: =IF(AB13="","",MAX(0,AB13*IF(AB13<=36000,3%,IF(AB13<=144000,10%,IF(AB13<=300000,20%,IF(AB13<=420000,25%,IF(AB13<=660000,30%,IF(AB13<=960000,35%,45%))))))-IF(AB13<=36000,0,IF(AB13<=144000,2520,IF(AB13<=300000,16920,IF(AB13<=420000,31920,IF(AB13<=660000,52920,IF(AB13<=960000,85920,181920))))))-$F13)) | AS13: =IF(AC13="","",MAX(0,AC13*IF(AC13<=36000,3%,IF(AC13<=144000,10%,IF(AC13<=300000,20%,IF(AC13<=420000,25%,IF(AC13<=660000,30%,IF(AC13<=960000,35%,45%))))))-IF(AC13<=36000,0,IF(AC13<=144000,2520,IF(AC13<=300000,16920,IF(AC13<=420000,31920,IF(AC13<=660000,52920,IF(AC13<=960000,85920,181920))))))-$F13)) | AT13: =IF(AD13="","",MAX(0,AD13*IF(AD13<=36000,3%,IF(AD13<=144000,10%,IF(AD13<=300000,20%,IF(AD13<=420000,25%,IF(AD13<=660000,30%,IF(AD13<=960000,35%,45%))))))-IF(AD13<=36000,0,IF(AD13<=144000,2520,IF(AD13<=300000,16920,IF(AD13<=420000,31920,IF(AD13<=660000,52920,IF(AD13<=960000,85920,181920))))))-$F13)) | AU13: =IF(AE13="","",MAX(0,AE13*IF(AE13<=36000,3%,IF(AE13<=144000,10%,IF(AE13<=300000,20%,IF(AE13<=420000,25%,IF(AE13<=660000,30%,IF(AE13<=960000,35%,45%))))))-IF(AE13<=36000,0,IF(AE13<=144000,2520,IF(AE13<=300000,16920,IF(AE13<=420000,31920,IF(AE13<=660000,52920,IF(AE13<=960000,85920,181920))))))-$F13)) | AV13: =IF(AF13="","",MAX(0,AF13*IF(AF13<=36000,3%,IF(AF13<=144000,10%,IF(AF13<=300000,20%,IF(AF13<=420000,25%,IF(AF13<=660000,30%,IF(AF13<=960000,35%,45%))))))-IF(AF13<=36000,0,IF(AF13<=144000,2520,IF(AF13<=300000,16920,IF(AF13<=420000,31920,IF(AF13<=660000,52920,IF(AF13<=960000,85920,181920))))))-$F13)) | AW13: =IF(AG13="","",MAX(0,AG13*IF(AG13<=36000,3%,IF(AG13<=144000,10%,IF(AG13<=300000,20%,IF(AG13<=420000,25%,IF(AG13<=660000,30%,IF(AG13<=960000,35%,45%))))))-IF(AG13<=36000,0,IF(AG13<=144000,2520,IF(AG13<=300000,16920,IF(AG13<=420000,31920,IF(AG13<=660000,52920,IF(AG13<=960000,85920,181920))))))-$F13)) | ... BE13: =IF(AO13="","",MAX(0,AO13*IF(AO13<=36000,3%,IF(AO13<=144000,10%,IF(AO13<=300000,20%,IF(AO13<=420000,25%,IF(AO13<=660000,30%,IF(AO13<=960000,35%,45%))))))-IF(AO13<=36000,0,IF(AO13<=144000,2520,IF(AO13<=300000,16920,IF(AO13<=420000,31920,IF(AO13<=660000,52920,IF(AO13<=960000,85920,181920))))))-$F13)) | BF13: =IF(J13="","",J13-(IF(J13/(1+IF(J13<100000,0,1%))<100000,0,J13/(1+IF(J13<100000,0,1%))*1%))-(IF(J13/(1+IF(J13<100000,0,1%))<100000,0,J13/(1+IF(J13<100000,0,1%))*1%*5%))-AP13) | BG13: =IF(K13="","",K13-(IF(K13/(1+IF(K13<100000,0,1%))<100000,0,K13/(1+IF(K13<100000,0,1%))*1%))-(IF(K13/(1+IF(K13<100000,0,1%))<100000,0,K13/(1+IF(K13<100000,0,1%))*1%*5%))-AQ13) | BH13: =IF(L13="","",L13-(IF(L13/(1+IF(L13<100000,0,1%))<100000,0,L13/(1+IF(L13<100000,0,1%))*1%))-(IF(L13/(1+IF(L13<100000,0,1%))<100000,0,L13/(1+IF(L13<100000,0,1%))*1%*5%))-AR13) | BI13: =IF(M13="","",M13-(IF(M13/(1+IF(M13<100000,0,1%))<100000,0,M13/(1+IF(M13<100000,0,1%))*1%))-(IF(M13/(1+IF(M13<100000,0,1%))<100000,0,M13/(1+IF(M13<100000,0,1%))*1%*5%))-AS13) | BJ13: =IF(N13="","",N13-(IF(N13/(1+IF(N13<100000,0,1%))<100000,0,N13/(1+IF(N13<100000,0,1%))*1%))-(IF(N13/(1+IF(N13<100000,0,1%))<100000,0,N13/(1+IF(N13<100000,0,1%))*1%*5%))-AT13) | BK13: =IF(O13="","",O13-(IF(O13/(1+IF(O13<100000,0,1%))<100000,0,O13/(1+IF(O13<100000,0,1%))*1%))-(IF(O13/(1+IF(O13<100000,0,1%))<100000,0,O13/(1+IF(O13<100000,0,1%))*1%*5%))-AU13) | BL13: =IF(P13="","",P13-(IF(P13/(1+IF(P13<100000,0,1%))<100000,0,P13/(1+IF(P13<100000,0,1%))*1%))-(IF(P13/(1+IF(P13<100000,0,1%))<100000,0,P13/(1+IF(P13<100000,0,1%))*1%*5%))-AV13) | BM13: =IF(Q13="","",Q13-(IF(Q13/(1+IF(Q13<100000,0,1%))<100000,0,Q13/(1+IF(Q13<100000,0,1%))*1%))-(IF(Q13/(1+IF(Q13<100000,0,1%))<100000,0,Q13/(1+IF(Q13<100000,0,1%))*1%*5%))-AW13) | ... BU13: =IF(Y13="","",Y13-(IF(Y13/(1+IF(Y13<100000,0,1%))<100000,0,Y13/(1+IF(Y13<100000,0,1%))*1%))-(IF(Y13/(1+IF(Y13<100000,0,1%))<100000,0,Y13/(1+IF(Y13<100000,0,1%))*1%*5%))-BE13) | BV13: =IF(BF13="","",ABS(BF13-$B13)) | BW13: =IF(BG13="","",ABS(BG13-$B13)) | BX13: =IF(BH13="","",ABS(BH13-$B13)) | BY13: =IF(BI13="","",ABS(BI13-$B13)) | BZ13: =IF(BJ13="","",ABS(BJ13-$B13)) | CA13: =IF(BK13="","",ABS(BK13-$B13)) | CB13: =IF(BL13="","",ABS(BL13-$B13)) | CC13: =IF(BM13="","",ABS(BM13-$B13)) | ... CK13: =IF(BU13="","",ABS(BU13-$B13)) | CL13: =IF(J13="","",AND(J13>0,J13<101000,BV13<0.05,AP13=0)) | CM13: =IF(K13="","",AND(K13>0,K13>=101000,BW13<0.05,AQ13=0)) | CN13: =IF(L13="","",AND(L13>0,L13<101000,BX13<0.05,AR13>0)) | CO13: =IF(M13="","",AND(M13>0,M13<101000,BY13<0.05,AS13>0)) | CP13: =IF(N13="","",AND(N13>0,N13<101000,BZ13<0.05,AT13>0)) | CQ13: =IF(O13="","",AND(O13>0,O13<101000,CA13<0.05,AU13>0)) | CR13: =IF(P13="","",AND(P13>0,P13<101000,CB13<0.05,AV13>0)) | CS13: =IF(Q13="","",AND(Q13>0,Q13<101000,CC13<0.05,AW13>0)) | CT13: =IF(R13="","",AND(R13>0,R13<101000,CD13<0.05,AX13>0)) | CU13: =IF(S13="","",AND(S13>0,S13>=101000,CE13<0.05,AY13>0)) | CV13: =IF(T13="","",AND(T13>0,T13>=101000,CF13<0.05,AZ13>0)) | CW13: =IF(U13="","",AND(U13>0,U13>=101000,CG13<0.05,BA13>0)) | CX13: =IF(V13="","",AND(V13>0,V13>=101000,CH13<0.05,BB13>0)) | CY13: =IF(W13="","",AND(W13>0,W13>=101000,CI13<0.05,BC13>0)) | CZ13: =IF(X13="","",AND(X13>0,X13>=101000,CJ13<0.05,BD13>0)) | DA13: =IF(Y13="","",AND(Y13>0,Y13>=101000,CK13<0.05,BE13>0)) | DB13: =IFERROR(MATCH(TRUE,CL13:DA13,0),"") | DC13: =IF(DB13="","",INDEX(J13:Y13,DB13)) | DD13: =IF(DB13="","",INDEX(BF13:BU13,DB13))
